Gender,NrOfDependants,Education,ExistingLiabilities,EAD1,HomeOwnershipType
1,0,4,8,1251.98,1
0,1,4,7,6723.01,8
0,0,2,1,546.19,4
1,0,5,9,495.79,1
1,0,2,2,498.2,3
0,0,4,9,601.65,2
0,0,3,2,2138.81,1
0,1,3,3,534.34,1
1,0,4,6,1517.15,2
1,1,4,9,3823.25,8
1,0,4,10,940.87,4
1,0,1,3,457.23,8
0,0,5,17,2014.4,8
1,1,4,2,1087.23,8
0,1,2,5,2045.23,7
0,0,2,5,911.28,1
0,0,2,8,1983.31,1
1,1,4,9,1734.47,4
0,0,4,2,2311.7,3
0,2,4,3,234.76,7
0,2,4,8,181.78,8
0,1,1,1,1173.85,3
1,0,4,8,1639.99,2
0,1,4,2,4891.31,3
0,4,2,7,1693.47,1
1,2,4,2,9815.22,1
0,1,4,1,504.41,3
0,2,4,5,2856.43,1
1,2,3,5,4259.15,5
1,1,4,6,2993.6,2
0,2,4,5,3040.64,1
0,2,5,7,1809.5,8
1,1,5,5,1429.93,1
0,0,3,5,754.13,2
1,1,2,5,2182,3
0,0,4,1,9852.42,3
1,0,4,7,2919.19,1
1,0,5,5,1233,2
1,0,4,4,455.96,8
0,0,3,3,1555.53,3
0,0,2,8,7834.22,5
0,0,3,5,1522.96,2
0,0,5,8,4265.27,3
0,2,2,1,578.33,5
1,2,5,6,28.75,8
0,0,2,7,5441.25,2
1,2,4,5,2730.96,1
0,0,5,9,5281.27,1
1,0,5,8,1038.46,1
0,0,3,4,3000,1
0,0,2,4,1530.15,2
0,0,2,5,10075.98,3
0,2,4,9,1933.16,8
1,1,5,5,916.93,8
1,1,4,4,1908.32,1
1,1,4,16,6498.09,8
0,2,4,3,3086.22,7
1,1,5,2,7247.36,7
1,0,3,6,1345.8,8
1,0,5,3,1759.65,1
0,3,3,2,499.62,4
1,0,4,9,1059.96,2
0,0,2,8,7108.1,3
0,0,4,7,1964.98,3
0,0,4,3,500,2
0,0,5,5,1484.99,1
0,1,3,9,450.92,1
1,1,4,3,1532.42,3
1,0,4,3,1771.07,8
0,0,5,5,1926.47,4
0,0,4,2,493.86,2
1,1,4,3,1295.27,1
0,1,5,4,548.26,1
1,0,5,4,255.65,1
1,0,4,5,5500,7
1,1,5,8,2603.49,2
1,2,4,4,1705.71,1
1,2,5,11,3131.43,4
0,0,3,5,5067.32,1
0,0,5,6,1681.72,1
0,0,3,1,1441.02,6
0,0,4,4,1114.9,3
1,0,4,2,6671.26,1
1,0,4,3,3725,6
1,0,3,8,2842.81,4
1,1,3,4,1777.26,8
0,0,5,5,1390.54,2
1,0,4,2,1018.38,1
0,1,3,5,8954.3,4
0,0,3,6,3962.37,4
1,0,4,12,2765.54,1
0,0,5,4,1783.42,5
0,1,2,2,1673.46,1
1,0,4,2,442.88,2
0,0,4,2,822.5,1
0,0,2,10,2216.85,1
0,0,5,10,1361.33,1
1,0,4,6,723.95,1
0,0,5,5,2938.55,8
0,0,4,5,1114.98,1
1,1,3,15,954.99,5
1,0,4,8,1862.63,1
1,0,3,7,488.53,2
0,0,5,3,3137.56,1
0,0,4,4,2902.68,2
1,2,3,5,3761.78,4
0,0,2,1,526.88,2
1,2,4,2,1476.66,8
1,0,4,4,2942.25,1
1,4,5,4,4473.72,7
0,3,4,10,7935.89,1
0,2,5,14,4075.25,8
0,0,5,6,5402.94,3
0,0,3,14,1475.52,2
1,2,3,10,2144.64,1
0,1,3,5,3434.59,3
1,0,4,7,2356.82,4
0,1,3,3,980.58,1
1,1,4,7,1774.9,8
0,2,4,5,485.4,1
1,0,5,10,2442.85,3
0,0,4,8,959.81,2
1,0,3,2,492.53,1
1,0,4,4,480.08,1
1,0,3,11,3731.62,8
1,1,4,3,1500.56,1
0,1,4,3,2681.91,1
0,0,5,5,1407.45,1
0,0,3,4,3243.83,1
0,1,5,3,1667.12,1
1,0,4,2,1231.25,1
0,1,3,3,3369.99,4
1,0,4,1,1220.63,2
0,2,4,6,694.99,4
0,0,3,12,1666.1,1
0,0,5,11,2551.58,7
0,0,3,7,1150.63,1
1,0,4,4,463.25,4
0,0,3,7,6335.16,3
0,0,4,2,2218.52,1
1,1,3,9,3601.34,8
0,1,3,4,492.66,1
0,1,2,9,495.91,2
0,2,2,5,1909.97,1
1,1,2,5,1707.28,1
1,0,5,3,2994.08,3
1,1,4,6,2407.41,2
1,1,4,10,3162.2,3
0,1,4,7,344.94,7
0,3,4,10,2771.61,1
0,0,4,7,697.91,7
1,0,5,9,1871.82,6
0,2,4,6,938.36,2
1,0,4,4,2780.95,1
0,2,4,11,1657.37,7
1,0,5,9,3872,1
0,1,4,17,2716.12,8
0,1,4,8,5780.44,1
1,1,5,8,9290.89,1
1,0,5,9,1846.39,2
0,0,4,10,2506.31,1
1,1,5,8,959.33,3
1,1,4,13,3450.86,1
1,1,5,12,5638.99,1
1,1,5,16,5948.65,8
1,3,5,5,3804.73,1
0,0,3,9,431.66,6
1,1,5,7,3519.95,7
1,4,4,11,5204.91,1
0,0,4,11,9933.63,3
0,0,4,17,6182.39,6
1,2,5,11,2299.02,8
1,0,5,12,1393.17,1
0,0,4,10,2559.8,2
1,1,5,14,5217.72,2
1,1,5,6,3168.1,7
1,5,4,5,2959.17,1
0,0,4,12,2908.58,3
1,0,4,6,2634.92,1
1,0,4,9,2361.49,6
0,1,2,8,8018.88,3
0,1,4,10,1993.71,1
0,0,5,11,3164.9,7
1,0,5,10,4292.26,8
0,3,4,5,1986.77,1
0,2,4,9,1965.1,2
1,8,4,9,6757.41,1
0,0,4,6,4237.24,2
1,2,4,10,2611.38,1
1,2,5,16,871.18,8
0,1,4,5,1793.13,1
0,2,5,9,4716.29,7
1,0,4,16,8819.48,1
0,1,4,9,502.75,1
1,0,4,8,2068.34,3
0,0,2,13,6164.09,1
1,1,5,7,1452.98,1
1,0,4,5,2885.12,1
1,0,4,13,1596.06,2
1,0,4,2,2268.95,5
0,0,4,5,927.01,1
0,0,5,7,5032.91,3
1,2,3,14,3375.5,7
0,0,4,11,2121.09,8
0,2,4,11,4987.86,1
1,0,3,10,1362.41,2
1,0,5,11,1677.97,3
0,0,4,12,2401.75,6
0,1,4,9,592.88,8
0,2,4,9,2197.18,7
0,0,4,1,3309.6,2
0,1,4,6,2319.83,8
0,0,3,4,6200,1
0,2,4,4,7810.37,1
1,0,4,13,4614.93,1
0,0,4,9,5329.51,8
0,0,5,13,3958.62,8
0,0,5,3,7720.81,3
1,1,5,12,2859.14,8
0,0,4,9,2649.67,2
1,4,5,11,5116.92,7
1,1,4,10,2419.54,2
1,3,4,8,3811.6,1
1,3,2,16,4839.48,3
1,0,5,3,2423.91,2
1,1,5,10,1591.94,8
0,1,2,8,2769.64,7
1,0,5,27,6348.55,1
0,1,4,19,2343.39,7
0,0,3,9,5962.13,2
0,0,2,11,2834.76,8
1,3,4,5,2363.29,2
1,0,5,22,6164.98,7
1,0,5,10,4531.63,8
1,2,4,6,2903.71,8
1,0,1,16,1905.04,1
1,2,5,14,4133.63,3
0,2,4,10,7846.76,4
1,1,4,6,2739.1,3
1,1,4,24,5762.29,3
0,3,5,11,8482.87,8
1,0,4,10,2437.63,1
1,0,2,9,2615.06,6
1,0,5,9,4117.09,7
1,0,4,10,1203.59,7
1,1,4,7,3114.62,8
2,1,5,2,4488.2,3
0,0,2,11,2545.16,8
0,2,4,5,2770.37,3
2,3,5,7,9504.85,3
0,0,2,7,1000,2
0,1,4,7,1809.91,8
1,0,4,7,1732.8,1
0,0,5,6,7429.21,1
0,0,4,4,1986.65,2
1,2,4,8,5955.08,2
1,2,4,17,4527.97,3
0,2,4,9,2212.91,8
0,0,4,8,1366.61,1
0,0,3,5,662.28,1
0,0,3,8,1952.31,2
1,1,4,7,6498.48,1
0,0,2,10,479.25,3
0,1,3,5,2909.59,1
1,0,4,5,5000,2
0,1,2,5,6785.38,1
0,0,5,11,8683.4,7
1,1,3,19,5864.48,3
1,3,5,24,10000,8
1,0,4,2,2370.47,1
1,2,4,17,2369.41,7
1,0,5,14,8275.41,8
1,0,5,14,4260.92,2
0,0,3,7,4201.08,2
0,0,2,4,4831.8,2
1,3,5,3,290.95,7
1,1,4,11,4028.59,1
1,0,2,10,2307.92,2
0,2,5,12,7242.76,8
1,1,4,6,2755.48,3
1,0,4,14,5816.5,1
0,0,4,8,1504.16,6
0,2,4,6,3871.48,1
0,0,4,7,2660.29,3
0,0,4,10,3205.99,8
0,0,4,2,2908.3,2
1,2,4,14,8787.34,8
0,1,4,16,8573.98,3
0,0,2,12,3683.31,3
1,0,4,11,6324.51,1
0,1,5,9,3231.14,1
0,0,4,9,2944.45,3
0,0,2,14,5401.17,1
1,1,2,11,2506.4,1
0,0,3,14,2487.01,4
0,2,4,12,3186.05,9
0,0,4,12,2763.46,3
1,0,4,2,2361.07,6
0,0,3,7,6515.63,3
0,0,4,13,9186.53,7
1,0,2,12,2249.78,1
1,1,4,10,328.94,8
1,1,4,15,2149.53,8
1,1,4,13,2088.83,5
0,2,4,8,6317.59,8
1,1,5,5,4400.18,8
1,0,5,5,2894.65,2
1,0,5,15,1701.6,1
1,1,2,5,971,3
1,0,5,11,1893.13,3
1,0,2,7,2448.34,4
0,0,4,9,3402.53,3
1,2,5,8,3629.74,1
0,1,2,7,3714.9,7
0,1,2,9,3149.97,1
1,0,4,5,1935.61,2
0,2,3,14,5853.06,8
0,0,3,8,2615.63,3
1,2,4,8,2851.53,3
0,2,2,5,3652.37,2
1,2,4,12,776.62,8
0,0,4,12,4963.75,2
1,0,5,23,7063.72,7
1,2,4,5,2871.68,1
1,2,4,9,9843.9,3
0,1,2,16,8372.02,2
1,0,4,13,5512.54,1
0,1,4,9,1693.21,8
1,1,5,9,4615.07,1
0,0,3,11,2932.45,3
1,1,4,7,3520.55,3
0,3,3,11,7350.72,8
0,1,4,4,5278.5,3
1,0,5,13,1358.81,8
1,1,4,10,4233.08,8
1,1,4,7,1525.78,8
0,0,4,3,4660.78,1
1,2,2,13,3401.82,3
1,0,3,16,2916.11,3
0,0,4,4,741.3,2
0,0,4,5,702.52,1
1,1,3,13,8792.27,3
1,0,2,9,566.6,2
1,1,4,3,1986.6,3
0,2,4,8,1341.77,8
0,0,2,5,291.25,2
1,2,5,9,4965.62,2
1,0,4,3,3627,2
0,0,2,5,2908.48,2
1,1,4,11,2352.81,3
1,2,4,5,940.81,3
0,1,4,11,1993.65,7
1,0,4,4,3673.91,8
0,1,5,19,6500,9
1,3,5,17,9049.14,8
1,1,2,9,2315.72,2
0,0,2,17,9681.06,4
0,1,5,4,1881.6,4
0,1,4,12,453.52,8
1,3,3,7,488.91,7
0,0,4,4,3000,2
0,0,4,7,2770.92,3
1,0,4,7,4881.21,8
0,0,2,10,2376.13,2
0,0,4,8,3076.71,1
1,3,2,5,2961.52,2
0,0,4,7,3153.6,3
0,0,3,14,6226.68,3
0,0,4,7,1249.6,3
1,0,4,11,683.71,2
1,1,5,2,9915.45,3
0,0,5,3,1793.07,3
0,1,4,7,2026.89,3
0,0,5,6,3672.41,9
2,0,5,15,6580.57,2
0,1,4,10,8875.01,9
0,0,5,9,1280.9,3
2,1,4,11,9560.63,7
0,1,4,10,2337.17,1
0,0,4,7,1734.34,3
0,1,2,7,1817.61,8
1,2,2,9,197.77,3
1,0,5,17,9475.93,8
0,0,2,3,4889.72,3
0,1,5,11,5000,1
0,2,4,5,2450.42,1
0,1,4,9,2782.97,7
0,1,4,6,1966.42,7
0,0,4,4,2680.76,7
1,0,3,6,6000,2
0,0,1,5,1919.98,8
0,0,4,18,778.7,8
0,1,5,14,9420.97,1
1,0,4,4,502.43,6
2,1,5,8,9409.2,2
1,2,4,8,2977.37,2
1,1,4,9,4486.96,7
1,0,5,6,164.47,2
1,0,5,6,3868.24,2
1,1,5,10,5817.24,1
0,0,5,11,8500,1
0,2,4,11,9762.78,8
1,1,4,3,2802.42,1
0,0,5,2,8478.58,2
0,2,4,11,3597,8
0,0,3,16,7328.31,8
1,1,4,9,2320.51,7
1,0,5,11,3089.67,1
0,3,4,7,3178.7,3
0,0,5,4,7743.49,3
0,1,3,3,4453.06,1
2,0,5,2,7651.76,2
0,1,5,8,1918.77,2
2,0,2,9,9521.89,8
1,1,4,4,2978.39,2
2,1,3,5,2330.62,2
1,0,3,10,6959.34,4
0,0,4,5,4203.56,1
0,2,5,10,2579.84,8
1,3,4,5,0,7
1,0,5,17,7833.9,1
1,1,5,4,5095.04,1
1,1,3,3,443.92,9
0,3,2,8,1664.15,3
1,1,4,2,2061.11,2
0,0,3,6,6450.2,9
0,0,5,2,3252.67,4
0,1,4,2,3943.03,6
0,0,4,2,1317.01,2
1,0,5,2,4005.22,4
0,0,4,4,4964.86,1
0,0,4,6,3248.82,3
0,1,3,6,8960.4,8
0,1,4,6,1214.33,3
0,0,2,8,496.33,3
0,0,5,1,5849.58,2
1,0,5,1,2450,2
0,0,2,3,3000,8
1,1,4,6,1674.53,7
0,1,4,7,6391.96,3
0,2,4,17,5500,8
0,0,4,10,2643.86,1
0,0,4,6,2036.73,8
0,0,5,11,6243.01,9
1,1,4,7,3278.47,8
1,0,4,4,1854.86,3
0,0,4,4,7447.1,8
1,2,4,5,3429.96,1
1,0,5,2,2957.32,2
1,0,5,3,3209.75,2
1,0,4,4,1891.77,2
1,0,3,4,1205.44,1
1,1,4,7,672.82,2
0,0,4,14,338.46,1
0,3,2,4,1136.03,7
0,0,4,8,895.92,3
1,0,4,3,1728.46,2
1,0,4,8,2158.46,1
1,0,4,4,407.5,8
1,2,4,4,1358.06,1
0,0,4,5,3047.42,2
0,1,3,6,2921.41,7
0,0,2,2,2704.95,1
1,1,3,5,2659.96,8
0,0,4,2,1792.01,2
0,0,4,2,1156.1,2
0,0,5,4,2528.63,2
0,2,3,5,3462.38,8
0,0,2,7,1847.91,4
0,0,4,4,0,2
0,0,5,2,8201.52,1
1,1,4,2,4958.42,1
1,2,5,7,6404.81,1
1,0,5,6,950.2,1
0,0,4,2,2874.2,2
1,0,4,3,4056,1
0,1,4,7,1370.04,3
1,0,3,9,1565.41,1
0,2,4,4,1460.06,2
1,1,3,3,2284.35,8
0,0,3,2,1995.48,1
1,0,4,4,3495.8,1
0,0,2,2,1436.22,2
1,0,3,7,2880.9,3
1,1,3,5,1969,2
1,0,3,4,4160.42,1
1,1,4,3,655.86,7
1,2,2,8,3939.3,1
0,0,3,2,596.26,1
1,3,4,1,943.66,5
0,0,3,2,2176.58,1
1,0,4,1,1273.95,1
0,1,2,3,1678.4,4
1,2,5,3,2934.12,8
1,2,2,4,500,2
0,0,2,2,2297.04,6
1,0,2,6,2947.83,4
0,0,4,1,1995.77,2
1,0,4,12,3136.85,7
1,1,5,5,968.84,9
1,0,4,2,1868.04,2
1,0,4,6,3712.03,6
0,0,3,2,2205.71,3
0,2,5,1,544.05,6
1,0,5,13,5390.5,1
1,0,1,3,1908.4,4
1,0,4,1,2935.56,1
1,0,3,2,959.29,7
1,1,5,2,1986.49,1
0,1,4,1,2440,1
1,1,2,1,2093.7,1
0,0,2,1,8893.42,2
0,0,2,4,4526.5,1
0,4,4,4,1066.7,1
1,2,4,5,610.15,4
0,0,4,2,864.68,2
0,0,4,5,5852.97,1
0,0,4,2,1675.64,8
1,1,5,7,2784.43,2
0,4,4,13,6184.21,1
0,0,4,4,5277.49,6
0,1,4,1,2305,1
0,4,3,3,2699.01,1
0,0,4,3,5794.86,2
0,2,4,2,4853.28,1
1,2,4,2,781.76,1
0,1,4,2,6499.27,8
0,0,5,1,1404.07,3
1,0,5,3,2542.79,4
0,0,3,2,2096.88,2
1,3,2,6,1269.11,1
0,1,4,2,4851.34,2
0,0,4,6,3116.32,6
1,0,3,9,4578.54,1
1,1,3,2,1000,6
0,4,3,1,1654.78,3
1,2,4,2,1574.76,7
1,0,3,8,6892.61,2
1,3,5,2,2635.67,8
0,2,4,5,4944.71,1
2,0,4,3,5200,4
1,3,5,8,3674.3,1
0,4,3,4,5141.88,1
1,1,5,1,1667.83,4
0,0,4,1,1319.17,1
0,2,5,4,2108.9,4
0,0,4,2,410.29,6
1,0,3,5,2598.24,1
0,0,5,2,1676.79,2
0,0,4,4,6169.61,6
0,1,2,5,3219.53,7
1,2,4,1,1344.91,1
1,0,3,5,1645.43,7
1,2,5,2,5122.32,1
0,3,2,1,1601.64,3
0,0,3,2,588.55,7
0,0,3,1,1938.38,3
1,1,4,8,1044.94,1
0,0,5,1,3374.94,7
0,3,3,5,2923.71,1
0,0,5,6,6944.82,1
1,0,4,2,1950.14,1
0,2,3,1,2980.09,1
1,4,4,4,1744.9,8
0,5,3,10,3495.89,3
1,1,2,3,1998.81,4
0,0,3,1,765.4,2
0,0,5,2,3795.77,1
0,0,1,5,6289.66,2
0,0,4,8,7060.61,3
0,0,4,2,2375.63,2
1,1,5,5,2545.47,1
0,0,3,1,1341.65,2
0,2,5,11,263.71,9
0,1,4,9,7936.58,1
1,0,4,4,2836.61,8
0,1,5,5,3911.89,1
0,2,5,4,902.05,1
0,0,3,2,5000,7
0,1,4,1,2841.38,1
0,3,2,5,2619.76,8
0,0,4,7,2889.09,3
1,0,5,5,2400,6
1,2,3,1,846.72,1
0,0,3,5,3437.01,2
1,1,5,3,1183.48,2
0,0,4,1,450.84,2
0,1,3,6,5555.54,1
0,2,5,2,2642.06,8
0,2,4,4,7166.6,1
0,0,3,4,1911.58,3
1,0,4,5,749.99,2
0,1,4,5,5420.61,1
1,0,4,2,1717.36,1
1,0,3,4,5496.17,1
1,0,5,4,1499.29,1
0,2,3,11,6361.58,8
0,0,1,2,1774.27,2
0,0,4,2,2994.39,2
0,0,2,2,1255,2
0,2,4,2,2005,4
1,2,4,4,1480.79,1
0,0,2,11,6633.02,2
1,0,3,7,1110.19,2
0,0,2,2,2477.48,2
0,0,5,2,3000,4
1,0,5,8,2067.39,7
0,0,3,2,2956.68,4
0,2,5,5,5575.6,1
0,0,2,4,2821.24,2
0,0,5,4,3838.77,3
1,0,4,3,1105.31,1
1,0,4,4,1908.32,1
1,1,5,3,2623.99,1
0,1,4,1,3066.08,4
0,1,5,1,2910.11,1
0,0,5,2,1597.02,2
0,0,4,2,2453.27,2
1,2,3,2,716.73,4
0,0,4,1,487.13,2
1,0,5,3,4494.71,1
0,2,5,3,1300,1
0,0,3,1,4000,4
1,0,4,2,2349.83,7
1,0,3,5,665.11,8
0,1,2,3,2791.4,8
1,1,4,3,938.91,7
1,1,5,1,1092.87,7
1,0,3,1,500,1
0,0,4,7,4593.3,3
0,0,5,2,1000.49,6
0,0,2,3,3484.66,3
1,1,5,7,2873.99,3
0,0,3,3,2727.62,4
0,0,4,1,1567.95,2
0,0,5,7,4082.63,6
0,0,4,3,4958.86,8
0,0,4,1,1320.89,1
1,0,5,3,5910.33,4
1,0,4,3,2638.12,3
0,0,3,1,1669.2,2
1,0,4,5,1188.04,5
0,0,1,2,1155.18,2
1,2,5,3,7861.81,8
1,0,3,1,279.15,1
1,1,5,7,5899.98,8
0,2,3,2,2956.83,1
1,2,4,1,1655.53,6
1,1,5,4,1805.16,1
0,1,3,6,1726.27,6
1,1,4,2,2000,1
1,0,3,2,509.79,2
0,0,3,2,1559.75,4
0,0,4,2,2779.72,8
1,1,5,1,500,2
0,0,4,2,882.43,5
1,0,4,2,1230.86,2
0,0,4,6,1872.08,3
1,1,4,3,814.03,6
0,0,4,1,1698.12,2
0,0,4,3,1006.73,1
0,0,4,1,2565.26,1
1,0,4,2,791.64,2
0,0,2,3,496.15,2
0,0,5,5,3328.4,8
0,0,3,4,4397.72,8
0,0,4,1,2265.37,1
0,0,5,2,460.17,1
0,0,2,1,461.13,1
0,1,5,3,2838.52,5
0,0,5,1,3145.68,4
0,1,2,6,1167.93,1
0,3,5,3,2037.75,1
0,0,4,9,1078.81,4
1,1,3,8,1369.74,2
1,1,4,2,1248.13,1
1,2,2,6,1036.68,1
0,2,4,6,984.67,1
1,0,3,4,1887.55,1
1,2,4,3,2056.52,1
0,0,5,4,5605.44,4
1,2,4,2,2348.44,1
1,0,4,1,500,4
1,3,2,3,1780.24,2
0,3,3,1,999.61,1
0,2,4,2,2180.29,8
0,3,2,3,1217.36,2
0,0,3,1,2987.77,4
0,0,4,6,695.66,3
1,0,5,8,2707.67,2
1,0,2,1,82.51,1
1,0,5,2,493.23,4
1,0,4,4,1719.3,2
0,2,4,6,1410.77,8
1,0,4,3,461,2
0,2,4,2,953.25,2
0,3,4,2,2956.84,1
0,2,4,5,458.68,3
0,0,3,1,490.36,2
1,1,4,2,471.07,8
1,1,3,2,2250.73,8
0,2,5,1,1088.98,1
1,3,4,3,2791.57,1
1,0,2,3,1820.84,3
1,3,2,2,1077.9,1
0,0,4,1,1400,2
1,1,4,2,424.75,2
1,1,3,1,2663.48,6
0,0,3,9,2554,1
0,0,3,4,1169.26,5
1,0,2,2,1000,2
0,0,3,2,634.24,4
0,0,2,1,632.64,1
0,1,4,2,672.97,8
1,0,2,1,969.94,1
0,0,4,1,1253.23,1
0,0,3,8,2599.83,6
1,2,2,3,2246.44,7
0,0,5,3,582.08,4
0,2,4,3,3000,7
1,0,3,2,2290.28,1
1,1,4,4,2241.06,2
0,3,2,3,481.17,1
0,0,3,3,2979.02,3
0,0,2,3,1917.75,5
0,0,2,2,2300,6
1,1,4,2,381.1,1
0,0,2,2,2254.08,6
1,0,4,3,781.14,3
1,0,4,2,492.96,5
0,0,3,1,3370,3
1,0,4,1,589.13,1
0,0,3,2,1626.86,7
1,0,3,1,5231.03,1
0,0,5,4,3975.46,1
1,0,4,4,2000,2
1,0,3,1,478.31,2
1,1,4,1,1000,1
0,0,4,4,2200,1
0,0,2,6,3638.53,2
0,1,3,2,590.1,1
1,1,3,3,4156.99,6
1,0,2,3,370.43,1
1,0,4,2,311.14,8
1,1,4,2,913.27,2
1,0,4,12,2355.23,6
1,2,4,1,1373.66,3
1,0,5,6,2252.69,1
1,0,4,2,867.48,1
0,2,4,4,4208.8,1
1,0,4,1,424.62,1
1,0,2,3,1924.25,1
1,0,4,5,1971.37,2
1,0,3,6,1857.31,7
0,4,3,1,1282.55,7
1,1,3,4,700,2
1,1,4,5,993.63,1
1,1,3,2,936.3,4
0,0,3,3,700,3
0,0,3,5,7933.75,8
0,0,3,6,2368.92,3
0,0,3,1,1684.24,1
0,0,3,2,336.57,4
0,0,3,3,498.58,4
1,1,4,1,600.21,2
0,0,4,4,1920,9
1,0,5,5,566.34,1
0,1,5,2,2777.44,8
0,0,4,4,1384.97,2
1,1,4,5,2621.85,1
1,0,5,3,430.02,1
1,1,5,3,6758.62,3
0,1,3,3,1872.31,8
1,3,3,1,496.48,3
1,0,5,2,2942.04,1
1,0,4,2,580.03,7
0,1,5,3,2943.64,4
0,0,5,1,482.66,1
0,0,2,7,3045.25,2
1,0,4,5,581.89,1
1,0,5,1,600,1
0,0,4,4,700,8
1,5,4,3,276.18,6
0,0,2,2,1853.63,3
1,0,4,3,500,8
0,0,4,1,490.95,2
1,0,3,2,493.42,6
1,0,5,4,1479.21,1
1,2,4,2,684.92,1
1,1,3,4,2434.43,2
0,2,3,6,832.93,2
1,2,4,5,653.98,1
0,1,4,1,3000,4
0,0,3,1,947.29,2
0,0,3,4,742.89,5
0,0,4,1,974.78,1
1,1,4,3,2508.1,1
0,0,4,1,1138.76,2
1,1,2,1,459.89,1
0,0,3,1,586.72,3
1,1,2,2,1331.55,1
0,0,4,6,5220.92,2
1,0,2,3,2829.05,6
1,1,5,3,601.73,1
0,2,4,5,544.7,1
1,3,4,4,348.56,6
1,1,5,3,7726.6,1
0,0,4,3,2678.89,2
0,0,5,3,2432.24,2
0,1,3,2,2086.41,8
0,1,2,1,988.21,2
1,1,4,4,349.75,1
1,1,4,5,1296.89,5
0,0,4,7,893.41,1
0,0,3,2,243.29,2
1,1,4,6,2300,1
1,0,4,4,1379.32,8
0,0,4,10,3569.94,2
1,2,4,1,5462.26,7
0,0,5,2,2483.69,1
0,0,2,7,1608.27,4
0,2,5,11,2322.75,7
0,0,5,2,860.75,3
1,1,2,1,192.86,4
0,0,4,4,3171.71,8
0,0,5,1,1714.81,4
0,0,3,1,402.26,7
1,0,5,5,949.12,1
1,3,3,2,755.16,1
0,0,5,6,1246.28,2
0,0,3,4,4693.04,1
1,0,5,9,3187.46,2
0,2,3,5,1199.59,1
0,0,4,1,1182.69,4
0,0,4,3,1155.03,2
1,2,4,5,438.33,1
0,0,3,7,4143.76,8
0,0,5,3,3422.77,1
0,0,3,2,1309.7,4
0,0,4,4,924.35,1
1,0,3,2,592.1,4
0,1,3,4,1200,1
0,1,4,3,1930.71,2
0,0,2,2,4489.43,2
0,1,4,2,1801.76,1
1,2,4,5,2908.04,1
1,0,3,3,1924.25,1
0,0,3,1,2913.4,1
1,0,4,3,2929.46,1
1,3,2,1,645.38,1
1,2,4,7,4634.52,3
0,2,5,1,5000,1
0,0,4,1,1200,2
0,0,2,6,770.12,1
1,1,2,5,2245.29,4
1,0,5,12,1266.77,1
0,0,3,5,429.27,1
0,0,4,3,1448.24,8
1,1,3,3,1291.06,4
1,0,3,3,1162.39,1
0,2,5,5,769.43,1
1,0,2,2,1227.01,1
0,0,3,4,887.54,1
0,2,4,4,6874.65,1
1,2,5,6,1715.08,1
0,2,4,2,3258.39,1
0,0,4,6,4028.62,5
0,0,2,6,2859.48,3
1,0,2,2,1800,3
0,2,2,10,1933.17,2
1,1,4,2,1100.58,5
1,1,5,5,4221.43,3
0,0,4,4,3000,1
1,0,5,3,8041.8,1
0,0,3,3,2909.17,2
1,0,3,2,1001.25,1
0,1,5,2,2112.32,3
0,0,4,1,1369.15,3
1,0,5,9,255.12,2
0,0,3,2,1300,4
0,0,5,2,988.24,4
0,0,3,8,355.69,2
1,2,5,3,3637.47,1
1,0,4,7,5473.69,6
1,2,3,2,462.74,7
0,1,4,4,1798.09,1
0,0,2,3,1093.33,3
0,2,3,3,1874.67,8
1,0,4,5,2319.83,1
0,0,3,4,1912.21,1
0,0,3,4,1570.77,1
0,1,4,1,1627,1
1,1,2,1,4137.65,2
0,0,4,2,1628.45,2
0,1,3,7,900,1
0,0,3,6,829.01,1
1,0,5,4,3186.55,1
1,0,3,2,1423.85,8
0,0,1,1,895.26,2
0,0,4,5,210.55,1
0,0,5,9,1187.1,4
0,0,5,3,1063.23,1
1,0,4,1,393.42,2
0,0,4,6,5714.06,3
0,0,3,4,568.5,2
0,2,3,3,1217.33,1
0,0,5,1,477.13,1
0,2,5,6,5100.19,4
1,2,5,3,771.83,7
0,0,4,3,493.18,2
1,0,3,2,1311.73,3
0,0,4,2,721.4,3
0,3,3,2,2642.57,1
0,0,5,6,291.86,3
0,0,4,1,700,2
1,2,5,2,1929.28,8
1,2,4,7,4300,4
0,1,4,2,1467.22,3
1,2,4,2,4197.48,2
1,2,3,2,2622.45,1
1,0,3,6,2954.27,2
1,3,4,1,2294.64,1
0,1,3,2,2434.99,1
0,0,2,1,1000,1
1,0,2,3,2186.46,1
0,2,3,4,677.28,6
0,0,3,4,963.59,4
0,3,5,3,1969.16,1
0,0,3,4,435.05,2
1,2,5,5,2930.1,1
1,1,2,2,495.11,1
1,2,3,4,2416,1
0,0,5,2,2698.82,3
1,1,4,2,2338.2,3
0,0,4,1,3000,2
0,1,3,2,1683.46,4
0,1,2,2,993.81,1
0,0,4,1,1000,6
0,0,3,1,1315.58,3
0,2,3,2,990.86,1
1,0,3,2,995.65,5
0,1,3,8,423.02,1
0,3,5,4,1826.32,1
0,0,3,1,750.89,3
0,0,3,1,3000,5
0,0,3,4,1847.16,1
1,0,3,1,496.82,2
0,0,2,2,1500,2
1,0,4,2,1594.16,1
1,0,4,4,7781.63,4
0,0,5,2,1327.1,4
0,0,5,2,978.56,3
0,0,2,2,2786.28,3
1,1,4,4,3000,2
0,0,3,9,3157.54,4
1,2,3,3,500,8
1,0,5,4,5865.49,2
0,1,3,2,1500,3
1,0,4,1,500,2
0,3,3,5,988.51,4
0,0,3,1,1000,2
1,1,2,3,924.5,8
1,0,5,1,1871.75,4
0,3,3,2,2326.41,3
1,0,4,3,443.4,3
1,2,5,3,1500,1
0,1,3,13,4317.08,3
1,2,4,2,2887.43,1
0,0,4,4,2723.12,6
1,1,5,8,2588.21,4
0,0,4,1,1000,6
1,0,2,2,481.77,4
0,0,4,1,1038.09,2
1,1,2,1,996.4,2
1,0,4,1,2688.61,2
1,0,4,4,5000,1
1,1,3,3,860.17,2
0,1,3,1,800,2
1,0,4,8,1000,2
0,1,3,5,3706.63,1
1,2,4,7,588.46,2
0,1,5,6,1900.35,1
0,2,3,3,3478.14,1
0,3,3,3,1786.61,7
1,0,4,7,3302.68,1
0,0,2,3,644.39,3
1,0,4,4,2554.61,1
0,1,3,6,2575.9,7
1,1,2,9,2410.74,1
0,0,4,2,1500,1
1,0,4,4,1901.8,3
1,0,5,5,2906.75,3
1,1,5,4,1426,3
0,1,2,7,827.8,4
0,1,4,3,3842.38,1
1,1,4,1,346.81,1
0,0,3,3,2000,1
0,1,4,4,3476.18,7
0,0,5,2,927.98,1
1,2,4,4,1566.77,1
1,0,4,2,498.28,2
0,0,4,4,2894.72,6
1,1,2,5,476.06,1
2,0,5,2,676.24,3
0,3,3,4,4941.22,1
0,1,3,3,3000,6
0,2,4,2,7736.77,8
0,1,3,1,1061.75,3
0,0,4,9,822.72,4
0,0,3,1,636.05,2
1,0,4,2,315.78,1
1,0,4,4,732.18,4
0,0,5,2,1685.98,5
0,0,2,4,887.94,4
1,0,4,4,3348.27,9
0,1,4,2,433.08,1
1,1,5,2,884.64,2
0,0,4,2,2000,1
1,0,4,3,990.02,3
0,4,3,3,3359.92,3
1,0,4,2,1500,5
0,2,4,12,1497.07,1
0,1,4,2,2691.99,1
0,0,3,2,1465.69,4
1,0,3,4,2080.41,1
1,0,4,3,432.18,6
1,2,2,3,301.22,1
0,1,3,1,3000,4
0,0,5,3,1698.79,1
0,3,3,5,1273.46,9
0,0,4,1,4514.27,3
0,0,5,2,911.3,1
0,0,4,3,1813.26,4
0,1,3,9,1908.21,8
0,0,3,4,440.12,1
0,1,4,2,942.1,1
0,0,3,1,1987.15,4
0,1,3,2,741.44,1
0,0,4,1,496.96,2
0,0,4,3,454.48,4
0,1,5,3,3210,4
0,0,2,6,3589.14,4
1,1,1,2,450.61,8
0,0,4,3,2283.32,7
0,1,4,1,500,2
1,1,4,5,1404.59,4
0,2,4,7,2960.84,8
1,0,5,3,2860.15,4
1,0,4,3,1640.97,2
0,1,4,7,1136.14,1
1,2,4,5,7868.41,7
0,0,4,1,481.16,3
1,1,4,2,1918.76,1
1,1,5,3,2852.82,1
1,1,2,3,9861.53,4
0,0,5,2,211.69,5
1,1,5,6,2715.62,1
0,2,4,2,1709.24,1
1,1,4,2,1288.86,1
1,0,4,3,3695,4
0,0,3,3,498.86,1
1,0,3,1,969.31,3
0,0,4,2,397.47,5
0,0,3,5,1336.21,4
0,4,2,4,2481.47,1
0,0,5,1,2500,1
0,0,4,2,1000,7
0,2,3,4,2716.55,1
1,0,4,4,3464.72,3
1,2,4,5,1353.48,8
0,2,3,10,3010.91,3
1,0,3,2,442.97,2
1,1,4,6,1863.8,4
0,0,3,1,2110.12,1
0,1,3,2,1086.33,7
0,0,3,2,3343.62,1
1,0,5,3,667.92,2
0,0,5,5,365.81,3
0,2,2,2,495.43,2
1,4,2,3,1111.29,1
0,0,5,1,841.51,1
1,0,3,2,1500,8
0,2,5,8,900,2
0,0,4,2,2316.59,8
0,3,5,2,2711.24,1
1,0,5,7,5466.73,1
1,1,4,7,964.82,1
1,3,3,2,884.84,1
0,0,3,1,500,1
0,0,4,2,500,2
0,0,2,4,1411.37,5
1,0,3,2,499.04,2
0,1,3,4,291.35,7
1,0,1,1,1600,1
0,0,5,1,1500,1
1,1,4,7,4967.11,1
0,0,5,4,2500,4
1,0,3,6,998.5,4
1,0,3,6,927.94,8
1,0,5,1,376.92,4
0,0,3,2,1981.86,4
0,1,5,5,458.48,8
1,1,4,9,962.92,8
0,0,4,6,4707.63,1
1,0,4,5,2332.05,1
1,2,5,3,396.36,1
0,1,5,6,1178.54,4
0,2,2,8,2235.92,1
0,0,3,2,398.99,1
1,1,3,4,383.4,1
0,0,4,3,8216.52,6
1,0,2,1,1400,1
1,2,3,3,1691.11,1
0,0,4,4,2000,4
0,0,3,2,654.91,1
1,1,4,5,2928.22,7
0,3,5,5,2972.29,1
1,0,4,3,2206.71,7
1,0,2,4,1500,3
1,0,4,1,2874.44,1
1,2,5,1,2955.58,2
0,0,3,2,630.15,2
0,0,4,2,2798.25,2
0,0,2,2,2841.32,2
0,0,3,2,2482.13,8
1,0,4,3,2139.31,1
0,0,5,1,2500,1
0,0,5,1,1500,1
0,0,4,1,1475.14,1
0,0,3,4,6000,2
1,0,3,1,164.68,2
0,0,3,2,1500,3
1,2,5,3,668.56,3
0,0,2,2,4646.77,7
0,1,2,2,916.35,5
1,0,3,1,990.11,1
0,0,4,3,1291.94,4
0,0,3,1,2484.08,4
0,0,4,4,500,8
1,0,3,2,688.37,4
0,0,4,3,1500,1
0,0,4,5,2062.49,1
0,3,5,4,3963.78,8
0,0,5,4,2215.31,4
1,0,4,2,1368.92,3
0,0,3,3,460.66,4
1,0,4,7,992.56,4
0,0,5,1,291.09,5
1,1,2,2,720.68,6
0,0,5,1,2651.75,4
0,0,5,1,2500,1
1,0,5,6,959.99,1
1,0,5,6,2500,4
0,3,4,14,2722.69,3
0,0,3,2,1943.92,2
0,0,3,2,2000,4
0,3,5,4,9537.42,8
0,2,5,2,2302.28,1
0,0,3,2,1109.24,4
0,0,2,5,1833.79,4
1,0,3,2,2830.25,1
0,3,3,4,3000,7
1,0,5,2,992.87,3
1,0,3,2,878.52,4
0,0,5,2,3000,1
1,2,2,1,891.59,3
1,2,2,1,1000,7
1,2,5,1,2500,1
0,0,4,1,500,1
0,0,5,3,6913.96,1
0,0,4,3,5607.16,4
0,0,2,1,497.87,2
0,2,3,5,5863.83,1
0,0,4,1,1300,3
0,0,3,6,1500,4
0,0,3,2,1653.24,1
0,0,3,16,4542.08,4
1,2,5,12,3000,4
0,1,3,2,2795.51,1
1,1,5,8,319.72,3
0,0,5,1,9658.08,3
0,0,3,6,1777.67,3
0,3,3,1,1500,7
1,3,2,1,455.52,1
0,1,5,2,500,8
0,0,4,4,1739.1,1
1,2,5,12,3942.68,1
0,2,4,5,441.55,4
1,0,3,2,2400,2
1,0,5,1,1100,7
0,0,1,1,1324.68,6
0,0,4,4,7068.8,5
1,0,3,4,5240.24,6
0,0,5,2,1154.96,1
1,0,3,3,494.14,2
0,2,3,4,794.24,1
1,1,2,5,1975.4,5
0,0,5,1,500,4
0,0,3,5,1061.66,3
0,0,3,2,4934.7,1
0,0,4,4,393.72,1
1,0,2,2,4541.93,1
0,0,5,3,812.89,3
1,0,3,1,4964.3,2
0,0,4,1,472.94,3
0,1,3,2,2980.41,3
0,0,5,6,2764.21,1
0,0,2,1,1982.76,3
1,0,3,3,473.6,2
1,0,5,1,978.55,1
1,1,5,2,8699.4,3
1,1,4,3,6187.63,2
0,2,4,5,974.1,1
0,0,4,4,3995.99,1
0,3,4,6,5211.32,8
1,1,4,1,507.75,4
0,0,5,3,1298.87,3
0,2,3,2,485.66,1
0,2,4,4,4256.66,8
1,1,2,3,940.64,2
0,0,5,5,409.1,3
0,2,2,6,4211.07,1
0,0,4,2,439.2,1
0,0,3,3,1722.85,1
1,1,3,3,9817.81,4
1,0,4,4,7158.57,4
0,2,3,2,3000,1
1,0,5,1,1500,1
1,0,4,5,1527.28,6
1,0,5,2,2436.73,1
1,0,4,5,2484.16,2
1,1,4,4,3471.28,1
1,0,3,2,1000,1
0,1,3,3,2599.25,4
1,0,2,3,4830.35,1
0,1,4,3,480.58,1
1,0,3,2,673.61,6
1,2,5,3,1365.75,1
1,1,4,3,4900.58,3
1,0,2,4,394.13,1
0,2,4,6,800,1
0,0,4,4,430.99,2
1,2,3,3,693.01,4
0,0,4,1,1500,4
0,2,4,3,9115.12,8
1,1,5,2,479.14,7
1,1,3,8,2720.47,1
1,0,5,5,2452.62,1
0,0,2,3,5726.31,3
1,2,5,4,796.43,7
0,0,4,1,469.49,1
0,3,5,4,2807.55,1
0,1,5,3,2663.92,3
0,0,5,4,587.67,3
0,1,4,5,980.34,3
0,2,3,2,2106.15,1
0,2,4,2,7357.81,4
0,0,3,5,1767.34,4
1,0,3,3,500,4
0,0,2,5,5293.05,4
1,0,4,3,2020.98,1
1,3,3,2,2913.8,7
1,3,3,1,8119.47,1
0,0,5,4,343.42,4
1,0,2,4,2975.14,4
1,2,5,5,5337.25,1
0,1,3,5,1259.48,1
0,0,3,3,2958.24,3
0,0,2,6,2689.64,8
0,0,5,3,680.69,2
1,3,5,5,4291.75,1
1,1,2,6,500,4
0,0,5,3,2869.28,1
1,0,4,1,142.99,3
0,0,5,6,4000,1
1,0,5,6,787.94,3
0,0,4,5,1255.67,1
0,1,3,1,798.76,7
0,0,3,3,968.5,8
0,0,4,2,3847.82,2
1,1,5,5,1170.04,3
0,1,3,2,9941.96,1
0,0,4,3,7147.21,3
0,0,5,7,1861.38,3
1,1,3,4,2475.93,1
0,1,4,6,2432.39,4
1,1,3,1,2983.3,2
1,1,4,6,1101.47,5
1,2,4,2,4763.79,5
0,1,3,1,717.06,1
0,2,3,1,7784.71,1
1,0,4,4,644.85,1
1,0,2,3,1656.82,3
0,0,3,4,1385.2,7
0,0,3,1,1671.83,1
0,0,4,4,529.09,1
0,3,4,3,996.48,1
1,2,3,2,8645.05,1
0,0,4,7,500,4
0,2,3,2,2215.82,6
0,0,3,3,2950.13,4
0,2,5,2,456.49,1
0,0,3,2,658.74,4
0,0,5,1,1123.68,2
1,2,2,2,6000,1
1,0,4,1,591.29,2
0,0,3,13,387.88,2
0,1,5,7,2632.33,9
0,0,5,1,1422.2,2
0,1,4,2,9808.76,1
0,0,5,5,2145.33,4
1,1,4,6,2898.33,4
0,0,4,1,915.92,3
1,0,3,2,1900,2
0,0,3,5,3335.72,6
0,0,3,3,2791.63,4
0,1,4,1,652.37,2
1,3,4,7,2431.7,4
1,2,4,4,3831.66,1
1,1,4,3,2404.98,1
1,2,4,2,2300,2
0,0,5,3,2780.34,1
0,0,2,5,8323.31,5
0,0,2,6,2099.69,2
1,1,4,1,3845.71,4
1,1,5,3,9585.43,3
1,0,5,1,700,2
0,1,4,1,9711.26,1
0,0,5,2,1473.73,2
0,0,3,1,962.5,7
1,1,2,4,1490.46,2
0,0,3,2,1960.21,4
0,1,4,1,1393.28,4
0,0,2,4,937.48,3
1,0,4,4,2786.64,7
1,0,5,4,1617.54,7
0,1,3,3,951.98,3
0,0,3,5,1211.41,1
1,0,4,2,819.98,1
1,2,5,4,457.27,1
0,0,4,3,756.1,2
1,1,4,2,3348.7,4
1,2,5,5,4586.26,8
0,0,5,6,525.94,4
1,1,4,4,908.05,3
0,0,5,1,10000,4
1,0,2,3,2095.82,2
1,2,3,6,1367.48,1
1,0,5,2,3781.14,1
1,0,4,2,492.53,1
1,0,5,4,2721.81,8
1,1,3,4,1785.34,6
0,0,5,4,2627.97,1
1,1,4,3,2761.87,7
1,1,3,2,2497.02,4
1,1,3,3,492.57,1
0,2,3,4,5935.67,1
0,0,3,6,3934.81,1
0,2,4,4,4419.54,3
0,0,5,7,4805.01,1
0,0,5,3,2830,3
0,0,4,4,1597.08,3
1,0,5,10,1572.42,8
0,0,3,2,2111.81,4
0,2,3,3,1755.62,1
1,0,3,4,1672.79,7
1,1,3,2,1814.12,4
0,0,3,6,1272.78,1
1,2,2,2,979.72,1
0,0,5,4,1423.2,8
0,0,4,2,2883.53,1
0,0,4,3,2536.65,1
0,0,3,2,2331.61,4
1,0,4,3,1853.97,8
0,0,4,1,2384.02,2
1,1,4,1,651.99,1
0,3,5,3,1221.18,8
0,0,3,2,9030.76,8
0,0,2,5,4497.46,1
0,0,3,4,8638.85,8
1,0,2,4,1753.99,4
0,0,3,2,5201.02,3
0,0,5,2,1934.98,4
1,0,3,2,1978.23,1
0,0,3,1,3349.2,2
0,0,5,3,1240.31,1
1,1,2,4,1453.78,2
1,0,1,1,2809.48,2
1,1,5,2,2161.53,1
1,3,5,2,2767.45,1
0,2,3,5,4638.61,8
1,0,2,1,8733.67,4
1,1,5,3,2382.03,3
0,0,4,2,600,3
1,2,2,1,2999.87,1
1,0,3,4,969.02,8
1,2,4,1,4690.82,1
0,0,4,2,2888.62,4
0,1,5,3,9578.69,8
0,3,5,6,8158.29,1
0,3,4,2,2732.8,8
1,0,4,4,448.63,7
0,0,3,3,3812.64,1
1,2,3,1,1040.33,1
0,1,5,4,890.57,6
0,3,5,6,9788.43,7
0,0,4,5,1552.87,1
0,0,5,4,1432.21,1
1,0,3,5,2174.17,1
1,0,3,3,2491.92,3
0,0,5,7,5209.9,8
1,0,4,18,408.85,3
0,0,4,2,359.62,4
0,0,4,2,9511.07,1
0,0,5,3,496.95,1
0,3,3,5,2375.87,4
1,0,4,2,2200,1
0,0,3,4,6633.44,3
0,0,3,1,1450.8,1
0,0,4,2,2309.85,1
0,0,2,4,735.64,8
0,0,4,5,1737.2,6
0,5,3,4,6869.94,4
0,0,5,2,9801.67,1
0,0,4,1,1634.26,4
1,0,4,3,953.37,2
0,0,5,2,939.63,2
0,1,4,1,1165,1
0,0,3,2,2127.75,4
1,1,5,2,9688.53,8
0,0,3,4,1526.41,1
0,1,3,3,2553.91,1
1,0,4,1,4000,3
0,0,3,1,1231.69,2
0,1,5,1,2999.34,1
0,0,3,3,1765.47,4
1,0,2,2,792.13,1
0,0,3,7,537.54,1
1,3,5,2,1268.71,1
1,0,5,1,1984.41,2
0,2,5,7,1154.5,3
0,0,1,1,1099.83,2
0,0,4,1,1532.88,3
0,0,5,5,1866.76,8
0,0,4,2,1477.89,2
0,0,4,1,4966.86,1
1,0,5,7,2546.64,8
1,0,5,3,2443.8,1
0,0,4,4,4760.14,5
0,0,4,2,4092.7,1
0,1,4,2,1178.61,1
1,0,5,6,1266.34,1
0,1,3,3,1958.67,1
1,0,1,1,1346.33,9
0,0,4,3,1243.44,3
0,0,4,1,900,1
0,0,4,2,549.08,3
1,0,5,1,474.15,3
1,0,2,3,1309.12,5
0,0,2,3,1975.25,1
1,2,5,5,442.27,7
0,0,3,6,1891.92,3
0,0,5,7,1458.94,1
1,0,4,2,1240.7,3
1,0,3,2,4397.41,1
0,0,5,4,1020.35,6
0,2,4,5,2094,1
1,3,2,2,435.9,1
1,1,3,2,3880.5,1
0,1,5,2,2178.5,9
0,0,2,3,3832.28,3
1,0,4,3,3507.22,1
1,0,5,3,517.98,1
0,1,5,2,2410.53,1
0,2,5,7,384.75,1
0,4,4,3,1380.89,1
0,0,4,6,1162.97,1
0,0,3,1,6336.21,2
1,1,4,2,2774.25,1
1,0,4,3,1059.46,2
1,1,4,5,1197.17,7
0,1,4,4,3219.63,8
1,3,5,2,2015.74,4
1,0,2,2,1752.56,1
0,3,5,2,8174.48,8
1,0,3,2,476.9,3
0,1,3,2,936.15,8
1,2,5,4,800.28,4
1,0,4,4,1732.12,1
0,2,1,1,275.74,1
0,0,3,1,900,4
0,0,4,2,2726.78,1
0,0,5,4,2274.08,8
1,2,2,3,3818.22,8
0,1,4,3,1929.43,1
1,3,5,3,1875.89,3
1,0,2,2,680.05,4
0,0,4,4,2813.57,1
0,2,4,2,2157.95,8
0,0,4,5,2370.15,1
0,3,4,4,4922.67,1
1,0,5,3,883.54,1
0,0,2,2,1567.97,1
0,1,4,4,2787.43,8
1,0,1,1,662.83,1
1,0,5,1,1539.7,2
1,2,5,1,759.61,1
1,0,5,6,756.27,2
1,0,4,6,1774.82,8
1,0,3,3,2975.72,7
0,0,3,2,2325.69,1
1,2,4,3,422.39,6
1,0,5,2,891.55,1
0,0,5,7,1632.24,8
1,1,5,5,3740.43,7
1,1,4,2,2855.31,2
0,0,4,3,323.39,4
1,0,5,10,933.94,6
1,0,2,5,3053.19,5
0,3,4,3,3975.83,1
1,0,3,5,3348.74,1
1,1,4,2,4623,8
1,0,5,5,735.82,3
0,0,4,4,680.54,3
1,0,4,3,160.35,1
0,0,5,7,2740.76,8
1,1,3,5,448.45,1
0,0,4,10,762.21,2
1,2,3,4,1408.55,1
0,2,2,3,1978.18,8
0,0,4,6,398.13,2
0,1,4,2,2627.19,3
0,1,5,2,1056.59,4
0,0,4,3,1161.75,1
1,0,2,3,1828.91,1
0,2,3,2,895.2,1
0,2,4,3,1317.41,1
0,0,3,6,3456.67,2
0,2,5,3,4140.12,1
0,1,3,6,5313.01,1
1,4,5,3,1271.91,7
0,0,2,2,2569.39,8
1,0,3,3,1595,6
0,0,4,1,1676.66,5
1,0,4,2,495.54,1
0,0,4,1,3189.99,2
0,0,3,2,1847.71,1
0,0,4,3,1701.37,1
0,0,4,3,3107.19,8
1,0,4,2,2583.01,1
0,2,5,3,1034.98,1
1,0,4,4,3555.72,1
0,0,4,2,1960.37,6
0,2,4,6,1836.61,7
0,2,3,2,3075.21,6
0,0,3,3,2047.19,6
0,0,4,1,4249.99,4
0,1,5,3,3257.22,3
0,0,5,4,8756.14,3
1,0,4,2,2649.7,1
0,0,3,7,4190.39,1
0,0,5,5,10590.86,4
0,2,5,3,3062.24,1
0,0,3,1,1484.99,4
0,0,5,2,2692.29,1
1,1,4,6,2553.85,5
1,0,5,5,1871.5,8
0,0,2,2,3034.99,3
0,0,2,6,3037.49,8
0,0,5,2,713.46,2
1,0,2,4,503.62,3
1,2,3,7,1194.4,1
0,0,3,1,3189.99,3
0,0,5,3,2833.84,3
0,0,2,2,3151.71,4
1,3,2,6,440.62,1
1,1,4,3,6179.74,1
0,0,5,1,954.99,2
1,0,4,3,3041.11,1
1,1,4,2,355.02,3
0,0,4,2,529.98,3
0,4,4,2,4225.71,3
0,0,4,6,501.59,1
0,0,3,6,635.53,4
1,1,4,2,2083.81,2
1,0,5,4,1307.9,1
0,0,5,3,1682.13,3
1,0,4,6,2806.68,1
0,0,4,5,1747.23,1
1,0,5,1,68.12,6
1,1,5,2,4097.17,1
0,0,2,7,5101.51,2
0,0,3,6,454.1,1
0,0,4,1,414.24,2
1,3,5,3,1181.12,1
1,5,4,12,2910.1,4
0,1,5,3,5554.18,3
1,0,5,3,4954.1,1
0,3,4,4,8761.06,1
1,0,4,9,1418.36,5
2,0,5,4,848.77,3
1,3,3,3,422.41,1
1,0,4,4,2166.29,8
1,2,5,9,522.97,4
0,1,4,2,441.91,1
1,0,2,1,1977.98,5
0,2,3,1,317.64,4
0,0,4,2,249.72,3
0,0,5,1,1529.59,1
0,1,5,7,1846.91,1
1,1,2,1,677.23,1
0,2,5,1,3369.99,1
1,0,5,6,1049.91,7
0,0,5,1,1106.46,3
1,0,3,5,1059,8
0,1,3,4,5314.99,8
1,0,4,2,2107.8,1
0,0,3,6,3062.67,4
0,0,3,3,1323.41,4
0,1,4,5,942.23,9
0,1,4,1,382.74,3
0,0,5,2,2730.63,1
0,0,4,2,2913.83,3
0,0,2,1,2934,1
0,0,3,8,522.07,4
1,0,5,2,3189.99,1
0,0,5,1,1053.03,7
1,0,5,1,1895.66,2
1,0,3,2,1857.44,4
1,2,4,4,2758.56,1
0,0,4,1,1315.02,2
0,3,5,6,1833.1,1
1,0,3,1,1025.71,1
1,0,4,6,2772.64,1
0,0,4,2,1094.41,8
0,0,5,1,851.71,2
0,0,4,5,1212.74,8
0,0,3,4,3131.03,1
1,0,2,2,6571.78,8
0,3,5,6,1351.77,8
1,0,4,4,3419.8,8
1,1,4,5,3866.95,8
0,1,3,3,483.1,4
1,0,4,2,2043.83,1
1,2,3,3,1856.48,1
0,0,4,3,341.98,8
1,1,5,3,441.54,7
1,0,4,2,4012.52,1
1,4,4,2,4356.12,1
0,0,5,2,1564.68,4
0,1,3,4,2227.12,3
1,1,4,5,2189.02,8
0,0,3,2,2075.86,1
0,0,3,3,6524.45,1
0,0,3,7,1204.33,3
0,0,3,3,1912.31,3
0,3,4,3,2094.11,8
1,0,4,1,1640.36,2
0,0,2,2,2804.99,6
1,0,4,4,290.78,8
1,0,2,2,2222.88,1
0,0,3,1,2085.74,4
1,0,5,7,732.75,8
1,1,5,2,1480.28,8
1,0,4,1,6889.99,3
0,0,4,1,4369.6,3
0,0,3,3,826.69,1
0,0,5,10,2655.95,2
1,0,4,4,7949.64,7
1,0,3,5,2192.61,8
1,1,2,4,2162.46,1
0,2,3,4,3198.68,3
0,1,5,3,2106.1,1
0,0,3,2,1771.93,4
0,1,2,1,2966.19,7
0,1,3,1,1504.9,2
1,1,4,1,1521.34,1
0,0,3,3,3496.38,1
0,0,4,2,936.56,7
0,1,3,5,521.46,1
0,1,4,3,3921.91,9
0,0,5,1,2291.7,2
1,1,5,3,920.51,1
1,1,4,2,1198.75,2
1,0,3,4,3383.81,2
1,0,3,2,764.87,2
1,2,5,4,1236.49,3
1,1,4,2,3691.57,8
0,1,3,2,7724.99,4
0,0,4,2,1834.75,1
1,0,5,7,1403.29,8
1,1,4,5,495.65,7
0,0,4,6,1296.53,1
0,0,4,2,4464.92,1
1,0,5,3,1424.99,8
0,0,4,1,1392.48,1
1,3,5,2,421.57,1
1,0,5,2,1650,2
0,3,5,6,1271.39,1
1,0,5,3,2765.65,8
0,0,5,3,1835.62,3
0,0,5,4,580.57,2
0,1,3,6,1733.85,1
1,0,5,7,2473.91,8
1,1,4,2,3097.45,1
1,0,4,3,4855.6,1
0,1,5,5,496.3,6
0,1,5,5,1535.94,8
0,0,4,3,3583.91,3
0,1,3,7,167.29,7
0,1,4,2,930.33,1
0,0,5,3,1327.24,1
1,2,5,3,4541.91,8
0,2,2,3,1109.6,4
0,0,4,1,1289.99,2
0,1,5,2,10629.99,1
1,0,3,1,1594.99,3
0,1,2,6,1594.99,3
0,0,1,4,808.36,1
0,0,5,2,1411.41,2
0,0,5,4,1516.24,8
0,1,2,8,521.28,1
0,0,4,2,1469.24,2
0,1,5,3,6069.5,4
0,1,4,5,1292.32,2
0,2,4,4,1393.2,7
0,0,4,2,2188.63,2
1,1,2,2,2550.15,9
1,1,4,4,2363.99,4
0,0,5,7,4749.96,8
0,1,4,3,878.91,1
1,2,5,8,2167.6,8
1,1,4,3,6023.52,5
1,0,4,2,2846.63,7
0,0,4,2,1570.47,3
1,0,4,2,7423.06,8
0,0,3,7,3625.55,1
0,2,4,8,1562.82,8
0,1,4,5,1369.15,8
0,0,3,1,1159.99,2
0,1,5,7,3010.11,9
0,0,4,1,3052.99,1
0,0,3,4,2579.43,4
0,1,2,1,451.32,6
0,0,5,1,4.1,3
1,1,5,1,1250.9,1
0,0,3,3,1045.16,2
0,0,4,5,1511.49,1
1,3,2,3,490.34,1
1,1,4,7,1503.61,3
0,0,4,1,6314.93,3
1,1,5,4,1567.65,1
0,0,3,1,1199.12,2
1,1,3,5,508.73,4
1,1,4,3,558.13,1
1,0,3,5,3072.04,1
1,0,5,7,3421.65,1
0,2,3,1,10629.99,1
0,2,4,2,3904.19,7
1,0,5,1,696.06,1
1,2,5,1,2888.29,1
0,0,4,5,3001.44,1
1,0,5,3,10629.98,1
0,1,4,5,4886.19,1
1,1,4,3,3735.61,7
0,0,4,2,526.29,1
0,0,3,10,490.15,2
1,3,2,2,7728.32,9
1,3,4,3,841.36,1
1,1,3,3,1832.49,1
0,0,3,2,3683.12,2
1,1,4,3,1573.59,2
0,1,3,9,4069.98,4
1,3,4,2,4249.99,1
0,0,4,7,1999.66,1
1,2,4,4,2976.99,6
0,0,5,12,3289.06,7
0,0,2,4,10032.03,8
1,0,4,2,10630,1
0,0,2,3,423,3
0,1,2,5,1918.85,1
0,4,3,2,375.39,3
0,0,4,2,4873.56,3
0,0,3,11,523.51,2
1,0,4,11,5799.31,3
1,3,2,1,8613.01,3
1,0,5,4,301.64,4
0,0,4,3,2553.97,4
1,1,3,3,1056.38,3
0,2,5,8,438.97,1
0,0,2,7,544.81,2
1,0,5,1,314.5,2
1,0,4,6,953.54,2
1,0,5,8,1747.83,1
0,0,4,2,512.11,1
0,4,4,4,1767.97,8
0,0,4,1,981.96,3
1,0,4,3,6983.28,5
0,0,4,3,876.72,1
1,1,5,4,858.79,8
0,2,4,6,478.85,1
1,2,4,7,2074.28,8
1,5,4,4,2035.13,1
1,0,4,4,852.94,1
0,0,3,5,1936.2,3
1,0,3,2,1801.72,1
0,0,2,1,1117.14,1
0,1,2,4,1286.55,3
0,2,2,1,874.38,7
0,1,3,5,3695.27,8
0,2,5,2,4634.59,6
1,0,5,7,469.19,1
1,1,4,3,2439.95,2
1,0,3,9,5684.44,8
0,2,4,3,4841.6,4
0,1,1,1,998.3,2
1,0,5,5,1169.48,6
0,1,5,1,3063.18,3
1,1,5,3,2954.06,1
0,1,5,5,2502.98,1
1,0,2,3,490.77,2
1,1,2,2,478,3
0,0,3,1,1036.92,6
0,0,3,3,1402.12,2
0,0,4,2,4131.13,2
0,0,3,3,500.58,3
0,0,4,5,2008.58,2
0,0,4,1,3521.16,2
0,1,3,5,4095.08,1
0,0,3,10,2495,1
1,2,3,2,1956.59,8
0,1,5,2,1213.27,2
0,0,4,7,4320.81,8
1,0,5,3,1148.13,8
1,2,4,5,1775.9,1
1,1,5,5,2095.49,2
0,2,4,9,2978.8,8
1,1,5,2,1224.71,8
0,0,5,3,1416.38,6
1,0,4,7,1889.43,4
0,0,5,7,529.9,3
0,1,4,5,1662.38,1
1,1,3,6,492.83,1
0,0,5,5,1525.76,8
0,1,5,3,1383.35,1
0,0,2,2,1924.09,2
0,0,5,1,1127.69,3
0,0,5,1,103.5,6
0,0,2,6,2815.37,1
0,0,4,5,5508.84,2
1,0,4,1,5360.32,1
0,0,4,4,4096.81,8
0,0,4,5,739.92,4
0,0,4,3,516.39,2
1,0,2,7,2440.78,4
0,0,2,2,467.36,1
0,0,4,5,915.86,1
1,0,4,1,979.99,1
0,0,4,3,4047.63,2
1,2,5,2,1376.45,4
0,0,3,1,4836.69,1
0,0,4,4,2321.26,2
0,0,4,9,492.03,8
1,0,4,3,1215.67,4
0,0,2,3,2824.73,3
1,1,5,6,4669.67,2
1,1,3,3,1239.63,8
0,2,5,3,1256.21,1
0,0,3,1,634.99,2
1,0,4,3,5100.46,4
1,2,4,3,1054.96,1
1,0,5,11,6052.98,8
1,1,4,4,1640.18,1
1,0,5,3,1150.52,8
0,1,5,5,1931.27,1
0,0,4,6,495.65,2
0,3,4,4,3318.52,8
1,0,3,1,529.99,1
0,2,2,13,630.04,3
0,1,5,3,4102.12,9
0,0,5,2,5010.33,1
0,2,3,3,3500.51,6
1,1,2,4,975.81,4
0,1,4,4,5669.19,4
1,0,4,1,1063.67,2
1,0,4,4,7171.51,3
0,0,3,2,1218.52,2
0,2,5,3,4534.45,8
0,3,1,2,1178.4,1
0,0,4,2,1198.61,8
0,0,4,5,2410.59,3
1,2,4,3,1537.34,1
1,7,2,6,2988.02,1
1,1,5,3,1086.05,4
0,0,4,5,518.33,7
0,0,3,4,1031.54,2
1,1,3,6,3577.07,1
0,2,4,2,1366.83,3
0,0,5,4,1708.47,3
0,1,2,4,2123.2,3
0,1,3,2,983.35,2
0,0,4,1,4438.25,1
0,1,4,4,2817.36,1
0,0,3,5,524.18,2
1,0,4,4,9504.08,8
1,1,3,5,869.09,2
0,0,3,2,1038.21,7
1,1,4,1,5220.05,3
0,0,5,2,1004.46,7
0,1,4,2,595.42,3
0,0,4,4,1040.66,1
1,0,3,3,3594.2,1
0,0,3,1,1588.64,2
0,2,5,2,3697.3,8
1,1,4,1,4390.1,1
0,1,2,7,2828.85,1
0,0,4,3,1011.24,7
1,0,4,1,466.1,2
1,1,5,6,5961.48,1
0,0,5,3,9333.01,2
0,1,5,5,2337.43,8
0,2,3,4,2124.98,5
1,0,4,1,2598.21,3
1,0,4,7,468.44,1
0,3,5,7,2882.98,1
0,0,5,2,1243.39,8
0,0,2,3,4248.9,6
0,1,5,5,0,1
0,0,5,3,640.44,3
1,1,4,5,2349.57,7
0,2,3,6,3031.34,8
1,0,4,4,3060.93,1
1,3,3,4,601.16,1
1,0,5,2,820.38,3
0,0,5,3,1304.05,2
0,2,3,3,1017.65,1
0,0,3,3,1535.85,2
0,0,3,2,1886.5,1
0,0,5,3,970,1
0,0,4,1,6592.91,1
0,0,3,1,5209.99,3
0,0,4,3,524.83,1
1,0,4,3,2858.67,1
1,0,5,6,4166.16,8
0,0,4,8,1052.81,3
0,0,5,3,1059.9,8
1,0,5,1,2066.7,2
0,1,3,4,1968.84,4
0,0,3,4,618.68,3
1,2,5,4,3648.42,1
0,0,5,6,6243.14,2
0,0,3,1,529.99,2
0,0,4,2,3853.26,1
1,0,2,10,2270.35,4
1,0,5,6,2060.22,3
0,2,4,9,1373.24,8
1,0,4,3,599.6,1
0,0,4,5,1779.31,8
1,0,5,4,5595.24,8
0,0,4,1,527.24,2
1,1,4,3,2796.12,3
1,1,4,1,1054.44,2
0,2,3,3,1509.39,1
1,1,4,7,1124.27,5
1,0,5,5,1170.71,1
1,0,4,2,475.82,3
1,2,4,3,2891.36,6
1,0,3,2,2033.73,1
0,0,4,6,3479.19,1
0,0,4,2,3006.29,3
0,2,5,2,3857.08,1
1,1,2,1,1002.74,4
0,0,3,1,1984.12,1
0,2,2,4,2178.76,3
0,1,3,2,2567.72,2
1,1,2,3,1027.39,4
1,1,4,2,5162.43,4
1,3,2,1,1027.85,9
1,3,5,2,1004.99,8
1,1,4,2,510.73,2
1,1,5,3,5338.11,4
1,3,4,1,3123.98,7
0,2,4,5,958.04,7
1,0,4,3,2125,1
1,0,4,2,1578.71,1
0,0,4,1,3189.98,3
1,1,3,3,253.82,6
0,0,2,5,1112.73,3
0,0,2,4,6818.59,3
0,0,5,4,3153.38,1
1,1,5,1,2484.5,7
0,2,4,1,1605.19,4
0,2,2,3,2750.46,3
0,0,4,2,4476.69,1
0,0,4,2,1576.15,2
0,2,4,4,1475.09,8
0,1,4,4,1005.08,2
0,0,5,1,978.69,1
1,0,4,1,2257.2,1
1,2,2,2,1030.09,1
0,0,3,7,490.06,1
1,1,4,2,1598.6,5
1,1,4,5,2677.17,7
1,1,5,12,8669.21,4
1,0,3,2,954.99,2
0,1,2,1,2037.6,1
0,0,4,8,648,7
1,1,2,5,2826.04,1
1,1,5,3,896.53,7
0,0,5,1,1047.49,2
1,0,2,4,3084.18,3
1,1,4,1,413.09,1
1,0,2,5,525.24,1
0,0,3,9,2269.72,4
0,1,4,3,1045.72,8
1,0,4,6,2084.92,2
1,0,3,3,2744.87,1
1,0,4,1,1042.82,1
1,1,3,16,2557.14,8
0,1,3,9,1924.22,1
0,2,5,7,1056.75,1
1,1,3,4,502.61,8
0,0,4,7,5910.59,2
1,2,3,9,1969.08,3
1,0,5,3,2468.26,6
0,0,4,7,512.9,1
1,0,4,9,2051.37,2
1,0,4,4,940.33,2
1,2,4,2,885.6,4
1,2,3,4,521.33,1
0,2,1,2,1632.4,7
0,1,2,4,1115.66,1
0,0,3,3,1625.67,1
1,0,1,2,1638.12,5
1,0,5,4,2120.48,4
1,0,3,2,1288.94,1
1,0,3,2,1173.87,1
1,0,4,9,3100.23,1
0,0,3,5,10497.29,1
1,1,4,4,2080.93,3
1,1,5,1,529,1
0,0,3,6,1981.25,8
0,0,4,8,518.2,2
1,1,5,4,633.39,1
1,0,2,24,1526.68,1
0,0,5,3,2920.11,8
0,0,2,3,3390.45,2
0,1,5,4,3087.88,3
0,4,4,3,2914.96,3
0,2,4,4,2594.88,4
0,0,4,6,1680.89,2
1,0,3,3,515.75,2
1,0,4,1,484.43,3
0,0,4,6,2513.3,1
0,0,2,8,1565.71,1
0,0,3,5,1933.87,4
1,0,5,2,1608.35,1
0,0,4,2,1528.38,1
0,0,5,2,261.76,1
1,3,2,4,506.13,1
0,0,5,1,966.53,1
1,2,5,6,4820.98,1
0,0,4,2,2606.17,1
0,1,4,1,1730.65,2
1,0,4,4,502.87,3
1,5,3,4,3876.85,1
0,2,5,9,928.36,1
0,0,4,2,834.48,4
1,0,2,1,525.73,3
0,0,4,1,1059,1
1,1,5,3,9222.57,1
0,1,4,2,1156.19,1
0,2,3,5,4023.41,8
0,2,4,3,1661.49,7
0,0,4,5,5224.47,1
0,0,4,2,525.15,3
1,0,4,7,1078.23,2
1,0,5,8,895.24,1
0,0,3,1,520.99,2
0,0,4,11,2945.89,6
0,1,2,2,459.55,6
1,0,2,5,2021.23,1
0,0,4,2,1138.93,1
1,0,4,10,3959.88,3
1,2,4,5,2534.78,6
1,1,2,1,1118.78,1
0,0,4,2,528.99,2
0,2,2,6,2945.19,3
0,0,2,1,1085.46,2
1,0,3,1,2683.84,1
1,1,5,7,3275.39,2
0,0,4,2,2295.81,1
1,4,4,4,648.77,2
0,0,4,6,500.02,6
1,0,5,8,2993.69,8
0,0,4,2,2572.21,3
1,3,2,4,1203.05,4
0,4,4,7,3608.72,1
0,2,4,1,2124.99,3
0,0,5,2,481.59,1
0,0,4,9,662.7,3
0,0,4,1,1511.38,6
0,1,4,4,1055.06,3
1,4,5,5,563.92,1
1,1,2,8,509.34,1
1,0,4,5,287.72,9
1,2,4,14,2290.09,1
1,0,4,7,2309.49,1
1,3,5,4,2175.59,3
1,0,4,5,2921.7,1
0,2,4,4,2573.99,1
0,0,3,4,5951.58,3
1,1,5,3,2672.72,1
1,3,2,9,1567.8,1
1,2,2,8,677,1
1,0,4,1,435.07,2
0,2,3,3,491.08,3
0,0,4,4,2282.64,1
0,0,4,8,2495.68,1
0,0,4,1,821.41,2
0,3,5,8,5231.75,8
0,0,4,1,1864.85,3
0,1,3,14,645.39,1
1,1,3,9,3658.68,4
1,4,5,5,1412.11,7
1,0,4,2,1162.11,2
1,4,4,2,2237.28,3
1,2,3,3,2685.31,8
0,2,2,5,608.25,1
0,1,3,9,5313.98,4
0,0,3,8,723.62,1
1,0,4,17,2438.89,5
0,0,4,3,522.58,1
1,1,4,4,938.98,2
0,2,5,6,672.05,2
0,2,5,4,8698.19,8
0,1,4,1,952.55,3
0,2,5,3,9719.19,1
0,0,3,7,875.98,1
0,1,2,7,3429.02,1
1,1,3,2,515.3,2
0,2,4,7,1897.02,7
0,0,4,7,2635.07,4
0,1,2,6,1891.95,4
1,0,5,8,845.73,4
0,1,4,6,1563.68,6
0,0,4,1,981.45,2
0,1,2,3,674.14,1
1,2,4,3,521.86,2
1,1,5,1,514.72,1
1,2,5,12,3932.98,2
0,0,3,7,746.74,4
0,0,4,1,2995.98,2
1,4,4,3,3965.58,1
1,0,5,3,2249.71,3
1,0,2,2,3100.4,4
0,0,2,8,2724.91,2
1,2,4,1,4027.65,7
0,0,3,5,3918.93,1
1,1,4,2,4254.52,3
0,1,5,6,1430.69,1
0,1,5,4,3421.01,9
0,0,4,1,513.94,2
1,0,5,1,2244,3
1,2,5,1,3611.44,1
0,0,3,2,4033.59,1
1,2,4,4,3992.21,8
1,0,5,5,761.67,1
0,0,4,5,2793.72,4
0,2,3,5,3779.85,1
1,2,3,6,3586.2,1
0,0,5,2,1649,3
0,1,5,7,3266.39,3
0,0,2,2,1053.39,2
0,0,4,1,2270.73,3
1,1,4,4,1499.31,1
1,2,3,7,1517.16,5
1,2,4,3,3036.08,2
1,1,3,3,731.4,2
1,1,3,7,1014.23,1
0,0,2,3,913.83,1
0,0,3,2,806.94,2
1,1,4,2,4238.02,1
0,2,3,3,2364.1,1
0,0,3,9,2039.81,4
0,0,3,4,2638.24,1
1,0,5,2,3788.06,1
1,5,4,5,3124.4,1
0,0,4,6,3604.87,2
0,2,3,4,4743.53,8
0,0,4,2,3080.2,2
0,0,3,1,4087.05,1
1,1,5,2,2841.07,1
1,0,2,1,6245.99,5
0,0,4,4,1511.84,4
1,1,4,5,2181.1,1
0,1,5,2,9144.96,8
1,0,4,8,1202.45,5
1,0,4,5,1646.46,1
1,3,2,10,6064.7,1
1,1,2,1,527.42,3
0,0,4,5,3403.03,2
0,2,3,4,3136.53,1
1,1,2,1,200.77,1
1,1,4,4,3672.77,3
0,0,3,3,3802.86,1
1,3,4,11,2983.43,5
0,0,4,5,529,1
2,1,5,3,311.18,2
1,2,5,4,3781.75,8
0,0,2,3,4249.99,1
0,0,4,3,2412.45,1
0,1,1,1,404.12,1
1,2,5,5,960.83,1
1,5,4,10,1571.24,4
1,0,4,4,4446.08,1
1,1,5,2,2983.35,8
0,1,5,2,2591.88,2
0,2,4,11,1544.94,8
0,2,4,11,2525.84,7
1,2,4,9,2311.29,4
0,0,5,3,1475.74,3
0,1,3,10,4908.03,1
0,2,4,7,4193.76,8
0,1,3,5,3489.28,2
1,1,4,5,5734.46,7
0,0,5,5,1387.16,8
1,0,4,7,446.73,1
1,2,5,17,3450.59,1
1,1,4,3,2225,2
0,2,4,2,4775.47,4
0,0,3,2,1504.94,1
0,0,4,7,4284.36,1
1,0,4,2,6909.28,1
1,0,2,7,976.79,2
1,0,5,10,2204.26,4
1,1,5,3,6417.62,7
0,1,2,12,1042.47,1
0,0,5,3,2319.63,3
0,0,4,7,3584.52,6
0,3,4,1,4165.39,1
1,0,4,11,5735.3,1
1,1,4,3,2529.03,5
1,1,3,3,3114.68,1
0,0,2,1,3829.24,2
1,1,4,10,0,8
0,0,3,1,1141.69,3
0,0,4,2,3258.41,2
1,0,4,3,2927.2,3
1,1,4,2,5127.3,1
1,0,4,1,4393.27,1
1,0,4,8,2486.89,2
2,1,3,2,1271.22,8
0,0,2,9,4898.96,2
0,0,2,1,3368.42,7
0,2,4,3,728.95,3
1,1,2,2,2591.44,4
0,0,4,7,3153.19,1
0,0,4,8,3279.62,7
0,0,5,2,955.36,8
1,1,4,4,2797.31,1
1,2,4,4,6222.1,1
0,2,4,4,5093.11,8
1,4,3,4,7252.33,1
2,0,5,1,934,1
2,0,5,2,488.23,4
1,1,2,2,1557.54,1
0,1,5,1,2539.9,4
0,1,4,2,2449.8,3
0,2,4,11,3649.89,7
2,2,5,4,837.33,2
0,0,2,1,2654,2
0,1,4,6,6834.34,4
1,0,5,4,3704.25,1
1,2,3,1,4592.06,1
0,0,3,2,3840.06,1
0,1,4,4,1025.97,1
0,1,4,15,1893.87,8
1,0,3,2,2785.58,9
0,3,4,2,7106.62,4
0,1,4,8,1249.69,6
1,0,3,12,3034.29,7
0,2,2,3,1488.04,3
1,0,3,3,6307.32,1
0,0,3,2,4180.48,1
0,0,3,1,2974.65,3
1,0,3,3,3928.06,1
0,1,3,9,3680.85,7
0,1,4,7,7969,1
2,0,3,9,3509.96,3
0,0,3,3,1427.26,2
1,0,4,5,5984.56,2
0,1,5,5,5566.67,1
0,0,4,5,7154.44,2
1,0,4,2,3013.72,1
1,0,4,9,421.74,5
0,0,4,1,932.8,1
1,0,3,4,10585.96,1
1,3,2,1,520.17,1
0,1,4,17,6116.16,1
1,1,3,1,1588.91,1
1,3,4,2,10164.76,1
0,0,3,15,7694.04,5
1,1,2,1,2623.75,2
0,1,3,8,5177.48,6
1,1,4,5,4641.13,1
0,0,4,3,1008.75,7
1,0,4,8,3163.44,1
1,3,4,2,3573,1
1,2,2,1,2124,3
0,0,3,8,2040,2
0,0,4,1,1559.91,1
2,0,4,11,2120.19,3
0,0,4,4,6205.81,3
0,2,3,8,2065.59,8
1,0,3,4,3566.01,4
0,3,5,4,5341.78,8
2,0,5,6,529.99,2
0,0,2,2,2985.1,2
0,0,4,12,4231.92,7
0,0,3,4,2442.26,2
0,0,5,4,6023.66,6
0,2,4,7,5813.83,8
1,0,4,3,1024.76,2
1,1,4,4,1127.03,1
0,0,3,9,1030.75,3
2,0,5,13,3743.64,2
0,0,4,4,2076.78,2
1,1,2,8,3642.37,1
0,0,5,8,5011.77,1
2,1,3,10,1497.74,9
0,0,2,2,526.72,3
1,0,4,8,435.33,2
0,0,2,6,2108.17,2
1,2,5,9,3888.05,2
0,1,5,5,2346.77,1
1,1,5,1,2338.79,1
2,0,4,5,3129.56,4
1,0,2,2,516.92,2
1,3,2,1,4236.43,9
0,0,3,2,2111.5,1
2,1,1,4,4224.09,2
0,2,4,2,513.15,1
1,1,2,9,7879.81,1
0,0,4,3,3166.61,2
1,1,2,3,504.53,1
1,0,3,3,9040.96,3
0,2,4,6,1340.1,2
1,0,5,4,2125,2
0,1,3,2,1052.33,1
2,0,5,1,2044.48,2
1,3,4,7,6843.57,7
1,0,2,5,1477.14,2
0,3,4,9,1047.03,1
0,1,4,3,1546.63,1
0,0,4,11,3627.78,3
1,1,3,1,1589.19,2
0,0,2,1,7527.78,3
2,1,4,2,2049.97,2
0,2,5,3,4321.41,1
0,0,5,11,1298.76,2
0,1,5,4,3782.43,2
0,0,5,13,8820,8
1,0,4,4,1003.06,1
0,0,3,2,980,2
2,2,2,13,3153.01,1
0,1,5,11,1059.44,9
0,0,4,10,7116.81,4
0,0,3,10,2041.51,2
1,2,5,5,6565.31,3
0,0,5,2,4909.2,1
0,0,4,2,8098.79,1
2,2,1,4,3544.14,1
0,1,4,4,3834.41,1
0,0,4,4,1052.32,2
1,1,2,2,530,8
0,0,4,10,2364.89,2
2,0,5,5,2193.96,6
1,5,2,2,458.57,2
2,0,5,4,2125,3
0,0,2,3,971.72,8
0,0,1,5,3087.62,3
2,0,4,8,1057.87,2
0,0,4,7,3489.45,6
1,2,2,8,526.4,2
2,0,5,9,827.94,2
1,1,3,2,188.75,3
1,0,2,1,2654,2
0,2,2,7,2245.75,2
1,3,3,12,4667.76,1
1,2,3,4,2639.63,7
1,0,5,5,5243.67,2
2,0,3,3,1534.68,2
2,1,4,8,525.34,2
0,0,3,8,3103.65,4
2,0,5,12,1059.13,3
1,1,3,30,2257.55,1
1,3,4,8,526.1,1
2,1,5,7,1589,2
0,0,4,11,2074.2,2
0,0,4,1,3405.4,2
0,0,5,4,1024.88,2
2,1,3,3,2384.69,7
1,1,2,7,1045.79,6
1,1,2,1,2073.31,2
1,2,5,2,5745.07,1
2,0,5,5,1559,2
0,2,4,3,3220.19,1
1,0,4,7,2071.98,2
0,1,2,10,525.55,2
2,1,1,2,2309.04,3
0,1,5,2,2676.48,2
2,0,5,1,1795.79,2
0,2,2,14,898.07,3
0,3,2,3,1005.96,2
2,0,3,2,1059.95,1
0,1,4,14,6496.94,3
1,1,4,2,519.85,2
1,2,2,6,519.22,2
2,0,1,8,1889.17,8
2,0,3,7,1523.35,2
0,2,5,11,613.13,1
1,4,4,13,3688.91,1
0,1,4,3,89.62,1
2,0,3,3,3320.87,2
0,0,4,9,4699.78,7
1,1,4,2,1015.23,4
2,0,4,4,1451.91,2
1,2,4,1,4145.67,7
1,0,3,10,2015.58,1
2,0,5,3,1229.98,2
2,0,2,1,795,3
2,0,2,9,1279,7
0,0,3,10,526.46,4
2,0,3,2,1193.73,2
1,2,4,10,1574.59,4
0,1,4,3,4639.13,1
1,2,4,6,2025.98,1
2,1,5,6,2071.25,2
2,0,5,5,2124,7
2,1,5,3,2010.88,3
0,1,4,18,3567.26,4
2,0,2,7,1854,2
1,2,4,6,2846.43,1
2,0,3,7,247.12,1
0,1,4,15,426,1
2,3,4,5,1856.07,8
2,0,3,2,1168.47,2
0,0,2,2,500.45,2
0,0,4,2,1236.44,3
0,0,5,6,1034.63,8
2,0,3,8,2661.66,2
1,2,5,1,10509.41,4
2,0,4,7,530,2
1,0,4,17,3752.79,4
1,0,3,6,2325.44,2
0,0,3,15,944.77,2
1,2,4,7,505.29,8
1,2,4,2,8843.39,2
1,0,2,5,530,3
0,1,2,1,529,1
0,0,5,2,1073.36,1
1,1,5,2,530,1
0,0,2,1,10456.66,5
2,0,5,2,3311.11,8
2,2,2,1,1240,3
1,0,5,5,3686.65,1
0,0,4,3,919.45,3
2,0,4,15,1275,2
1,1,2,8,836.29,1
1,1,5,5,447.13,8
2,0,4,11,1165,7
0,0,3,5,521.62,4
2,0,3,2,1189.3,2
0,0,2,13,3777.26,6
2,0,4,4,1583.64,2
1,1,4,2,1679.96,4
0,1,5,8,1214.27,9
0,0,2,5,1120.32,2
2,3,4,4,1253.82,3
1,2,5,11,1676.01,1
1,5,4,8,2461.94,9
0,0,4,1,3153.54,1
0,0,3,2,4850.58,3
1,3,4,7,480.29,1
1,2,5,2,1530.61,1
0,0,3,1,513.38,2
0,0,5,5,3107.57,1
1,2,4,2,3671.71,7
1,0,4,2,2685.69,1
0,1,5,4,4308.1,1
0,0,4,16,2236.41,3
0,1,4,2,3780.32,2
0,0,3,13,707.55,2
0,0,4,5,3043.94,6
0,1,3,11,1841.23,5
0,2,4,1,1519.69,1
0,2,1,7,1577.04,7
2,0,2,4,1563.87,2
0,0,3,15,8819.92,1
0,0,3,2,1461.9,2
1,2,3,4,1025.45,3
1,1,5,9,5380.49,1
0,0,4,6,1050.74,4
0,0,2,16,1073.3,2
0,2,3,2,3058.13,9
0,2,4,1,9592.24,4
1,1,2,7,2457.34,1
0,1,5,6,2084.04,1
1,0,4,8,10193.52,6
1,1,4,3,4147.8,1
0,1,2,4,3417.84,4
0,1,5,4,813.48,8
2,1,2,6,730.08,6
0,0,3,9,2222.66,4
0,0,2,1,3136.12,3
1,0,5,4,6182.43,1
0,0,5,2,8890.2,8
1,1,4,5,4779.73,1
0,0,4,3,3220.64,2
1,2,3,14,850,5
0,0,2,1,942.37,2
1,0,5,2,6464,1
0,0,2,3,2476.07,2
0,0,4,3,5506.21,1
0,0,4,7,3044.42,1
1,3,5,16,3256.2,1
1,2,5,2,9402.19,1
0,0,5,1,6799,1
0,1,4,17,6110.97,1
2,1,5,8,1584.83,2
1,0,4,3,3270.11,7
1,0,5,1,4835.92,1
1,2,5,1,2560.94,1
2,0,5,5,1252.2,1
0,3,4,4,1969.46,1
0,2,5,12,840.34,1
0,0,2,5,2099.28,2
1,1,2,3,3669,1
0,1,4,4,3263.03,1
2,0,4,10,2929.71,8
0,1,4,2,8776.74,6
1,0,4,3,4078.31,1
1,0,4,5,2752.43,3
0,0,5,3,2144.63,1
1,0,4,10,1129.25,2
0,0,2,3,2768.92,3
0,0,3,11,2465,2
0,0,4,2,2458.03,1
0,0,4,9,2347.64,3
2,2,5,8,2669.2,6
0,0,5,2,3288.12,1
0,0,2,11,7999.06,2
0,2,4,7,3167.01,1
0,0,5,7,4537.81,2
1,0,4,14,4285.65,4
0,1,4,2,7442.58,1
1,1,2,12,2321.02,1
0,1,3,3,631.12,3
1,0,2,7,1347.31,2
0,0,4,6,3005.79,1
0,2,4,8,715.72,1
1,1,2,12,3879.62,1
0,0,4,6,2167,3
1,0,3,15,2957.96,4
0,0,5,7,1632.57,2
0,0,4,5,1344.02,1
0,1,3,6,2165.31,8
2,2,4,4,2125,2
0,0,2,4,2034.54,6
0,1,4,4,2979.27,8
1,1,4,5,4199.54,1
0,0,3,2,1042.52,2
0,0,4,2,2722.87,7
0,1,4,5,2818.78,1
0,0,2,3,2784.39,1
0,0,5,10,3586.08,1
1,0,4,4,3035.09,4
0,0,5,4,530,2
0,1,4,6,2647.82,1
0,0,4,2,4529.74,1
0,0,2,1,728.13,3
0,0,3,2,1544.26,2
1,0,4,5,2927.89,2
1,0,5,11,2974,4
0,1,3,6,4944.35,7
0,0,2,1,3035.45,3
2,0,3,9,1466.94,2
0,0,5,1,3800.23,2
0,1,2,12,5514.82,3
1,2,3,10,1862.94,5
0,0,4,2,1479.2,2
0,2,2,14,955.8,3
1,0,4,6,2286.09,1
0,0,3,2,1471.53,1
1,1,2,10,1877.39,1
0,0,4,5,1032.42,7
0,0,4,5,1968.46,1
0,1,3,3,813.26,7
1,0,4,3,1037.27,2
0,0,4,14,2355.38,4
0,0,2,3,1482.71,1
0,1,4,17,1525.81,1
1,2,2,8,3831.85,4
0,1,4,1,2019,4
1,2,3,5,608.66,7
0,1,4,1,8774.18,4
1,0,5,6,1714.75,8
1,4,4,11,1380,1
2,0,3,3,3463.25,2
1,1,5,3,3368.07,3
2,0,5,2,2123.99,2
1,1,4,6,972.85,7
0,1,4,3,5861.04,9
0,2,4,20,4989.83,1
0,0,2,2,2335.85,1
1,0,5,2,2315,1
1,0,5,2,3628.45,9
1,0,5,4,6108.86,1
1,1,4,5,501.67,2
0,1,4,1,6452.12,1
0,2,4,4,3814.75,8
1,0,4,1,10034.13,1
1,0,4,8,4196.68,2
0,2,4,2,1910.06,8
0,2,4,13,1548.79,1
2,0,3,7,3080,1
2,0,5,4,7532.43,4
0,2,4,5,1990.1,3
0,0,2,8,5292.88,4
0,0,2,4,1544.52,2
0,2,4,4,681.12,8
0,4,4,10,4764.99,1
1,0,3,4,2608.21,1
1,0,4,4,4568.07,7
1,0,4,4,2202.97,4
0,0,3,6,2593.06,2
1,1,4,6,989.03,4
1,1,5,12,2043.35,3
1,0,3,9,1474.4,4
1,3,5,6,2759.93,1
0,0,3,9,1637.58,1
1,0,5,10,2061.77,1
2,0,5,10,3723,3
0,0,2,4,3803.1,8
0,1,5,5,2206.87,1
1,0,3,4,524.7,3
2,2,5,7,1958.13,1
0,2,5,5,3580.76,8
0,2,5,2,1366.33,8
0,3,2,6,2513.7,2
1,0,4,3,3362.25,2
2,0,5,6,911.16,3
0,1,4,1,795.02,2
0,0,5,1,2112.46,2
0,0,5,2,1433.16,3
1,1,4,5,2370.08,5
1,1,3,5,1043.62,1
0,0,4,4,4225.44,1
1,1,4,3,735.46,2
1,0,4,6,1091,3
0,1,5,7,2911.3,9
1,0,5,5,2027.82,7
0,2,2,4,590,2
1,1,4,2,1823.48,4
0,3,4,8,3002.7,8
0,0,2,6,3076.5,1
1,0,2,8,2733.94,2
2,0,5,6,850,3
1,4,2,3,505.85,1
0,0,4,11,801.08,3
1,0,2,6,1274.83,1
2,0,5,6,1165,2
2,0,5,13,2100.58,2
2,0,3,12,640.65,2
1,0,4,2,508.86,2
2,2,4,13,1699,6
1,1,5,4,6106.51,1
0,1,4,4,3740.74,7
0,2,4,3,505.56,7
0,3,4,9,1349.68,1
0,3,3,4,3854.69,7
1,0,2,3,2575.9,2
2,0,5,2,2349,2
1,0,4,5,1998.94,1
0,0,4,5,2407.41,2
0,2,3,3,3829.03,9
1,0,4,12,5612.31,2
0,1,2,7,523.02,5
0,0,2,3,4155.02,2
0,0,2,1,514.34,2
2,1,5,2,497.43,2
0,1,5,2,2884.71,8
0,0,2,4,1569.46,1
2,0,3,8,4368.95,2
0,1,4,3,1618.99,1
0,0,5,4,652.5,2
1,2,4,11,2017.89,4
1,0,4,2,1324.15,5
0,0,2,5,2943.89,2
0,0,1,10,4983.26,3
1,0,4,1,488.74,7
0,3,1,3,1528.39,1
0,2,4,8,444.23,1
0,2,5,10,529,1
2,1,3,4,2305,1
0,0,1,12,3385.74,3
0,0,1,4,349.81,1
1,0,5,2,1687.93,1
1,1,4,1,1033.75,2
0,0,5,0,509.08,3
0,0,5,1,627.16,3
0,1,3,2,3161.46,3
1,0,1,3,1078.6,3
0,2,5,3,5097.22,8
2,0,5,1,1057,1
1,1,5,3,3178.97,1
2,1,3,3,1524.2,9
0,0,4,6,2536.04,3
0,1,4,5,850,2
2,0,3,1,530,1
0,1,1,0,1511.16,3
0,3,4,3,950.96,1
0,0,4,0,1505.39,3
0,1,3,1,457.75,10
0,0,4,1,1458.69,3
1,0,3,1,497.04,1
0,0,4,0,2475.47,10
1,0,1,9,502.91,1
1,0,3,2,1969.14,3
0,1,4,0,529,3
0,1,1,2,2221.71,3
0,0,1,4,5792.75,3
0,0,5,3,7675.61,1
0,0,4,3,2453.88,1
1,1,5,12,508.05,3
1,0,4,4,487.81,9
1,2,5,0,2859.83,1
1,0,1,3,2757.77,1
0,0,4,0,530,1
0,0,1,0,529,2
0,2,4,3,338.77,1
1,0,3,2,1722.41,8
0,3,1,2,1092.79,1
2,0,5,0,529.96,1
0,0,4,1,1534.72,8
1,0,5,6,3145.06,3
1,1,4,1,769.38,1
1,0,4,2,464.02,1
0,0,4,0,1667.89,3
1,1,4,3,5807.62,1
1,2,4,5,812.56,1
0,3,1,3,2807.64,1
1,1,5,1,517.41,1
0,1,4,3,2899.88,1
0,1,5,0,2728.51,3
0,0,3,0,1589,1
0,0,3,0,1049.4,2
0,0,4,2,649.14,1
1,2,5,2,1451.28,1
1,0,2,1,2537.12,6
0,2,5,1,1281.04,1
1,0,1,5,622.08,8
0,0,4,5,6815.1,3
1,2,5,4,4256.03,8
1,0,2,5,3184,4
1,0,2,0,525.45,3
0,0,5,1,530,1
1,1,3,6,3185,1
0,0,1,4,525.95,1
1,0,1,3,1038.94,1
1,0,4,1,2072.99,1
1,0,4,3,680.59,1
2,1,5,2,379,2
1,0,3,3,1970.71,3
0,0,3,1,529,1
0,2,5,1,3234.88,1
1,0,5,4,1246.19,1
1,0,4,3,1163.24,1
0,0,1,5,1555.47,3
1,0,1,3,1791.28,1
0,0,4,0,5107.2,5
0,0,4,4,3003.16,1
0,0,4,0,529.53,2
1,1,5,4,4674.54,3
1,3,5,1,498.97,8
0,0,5,1,530,1
1,0,3,0,286.43,1
1,0,3,0,2753,10
1,0,4,1,2731.56,8
0,1,1,0,2068.89,3
0,0,4,1,466.4,1
0,0,3,0,2944.17,1
1,1,4,2,1114.24,8
0,0,4,2,5371.65,8
0,0,2,0,1504.77,2
1,3,4,0,2287.77,1
0,0,4,5,1987.62,2
0,0,1,5,530,2
0,1,1,1,565.15,1
0,3,3,0,2189,7
0,0,3,1,525.44,1
0,0,4,0,3960.14,2
0,0,5,4,3597.48,1
2,0,2,2,881,1
0,3,1,1,1776.38,1
0,1,4,3,449.85,1
0,0,5,0,408.79,3
2,2,1,2,913.74,1
0,0,4,0,530,2
0,2,3,3,1493.79,1
0,1,4,4,2880.85,1
0,1,4,0,530,8
0,1,4,0,1910,1
0,0,3,0,3976.09,3
0,0,2,1,701.41,3
2,3,4,2,1319.19,3
0,0,4,1,841.16,2
0,0,4,5,1575.3,8
0,0,1,5,1230.99,1
0,0,4,2,528.14,1
0,1,4,2,1037.23,1
0,0,5,0,496,3
0,1,1,4,530,3
0,1,4,1,2818.59,1
0,1,5,1,2396.98,10
0,0,4,1,487.6,3
0,0,4,4,2197.13,1
0,0,3,6,905.64,3
0,1,4,17,453.06,1
0,2,4,2,3342.81,1
0,0,4,0,597.29,1
0,0,4,1,1540.73,2
0,0,3,7,2446,2
0,1,4,1,492.9,10
0,2,4,1,2027.57,3
0,0,3,7,2415.22,1
0,0,4,1,527.69,2
0,1,5,5,2072.76,1
0,0,1,4,1242.23,1
0,0,3,3,2413.3,2
1,1,4,0,1645.06,1
0,1,4,3,1987,1
2,0,5,1,1068.27,1
0,0,3,1,454.23,1
1,0,5,2,1566.58,1
0,0,4,0,530,2
0,0,5,2,1521.31,2
0,1,3,1,2340,2
0,2,3,3,10630,1
0,1,3,4,1645.02,8
0,0,4,1,1039.44,7
0,0,4,11,516.42,3
0,0,4,0,1590,8
0,0,1,4,530,1
0,0,4,4,990.54,5
0,0,4,4,508.8,1
1,1,5,0,63.93,1
0,1,5,0,3014.11,8
0,0,4,2,1060,3
1,0,3,0,2981.07,1
0,0,2,2,3672,1
0,0,4,1,2064.75,9
0,0,3,0,492.9,1
0,1,1,0,633.06,1
0,0,4,2,493.78,3
0,0,1,4,530,1
0,1,5,2,2443.44,2
0,0,3,1,1383.77,1
0,0,4,0,1071.35,2
2,0,4,3,530,2
0,0,4,3,690.92,1
1,0,3,0,2270,1
0,0,5,0,508.68,1
0,3,5,2,6184.63,8
0,0,4,4,518.2,1
0,1,4,0,2839.03,1
0,0,4,3,749.78,1
0,0,1,1,492,2
0,0,1,6,1789,3
0,0,5,6,2037.94,8
0,4,3,0,1655.04,3
0,0,5,5,1766.88,3
2,0,5,1,238.44,3
0,0,4,0,2058.89,1
0,3,5,6,1783.65,1
0,2,5,1,5622,1
0,0,4,1,530,2
0,0,4,0,1418.19,2
0,1,3,2,2267.43,8
0,0,4,3,1144.62,3
0,0,4,1,1028.2,8
0,1,3,1,1896.56,8
0,2,5,17,511.7,1
0,0,5,1,7210.61,1
0,0,2,0,515.53,3
0,0,5,1,1531.2,1
0,1,4,1,518.26,3
0,2,5,1,5869.3,1
1,1,5,0,1236.83,1
0,0,5,3,2619.1,1
0,0,4,1,511.67,1
1,0,4,0,450.15,1
1,1,5,0,506.81,2
0,2,4,3,1338.3,1
0,0,5,0,1534.04,3
0,0,4,0,850,3
0,0,5,2,526.4,5
0,1,4,0,2414.24,1
1,0,4,1,2812.7,2
0,0,4,4,725.2,2
0,0,5,0,1536.16,1
0,0,2,3,2957.71,4
0,1,4,11,916.18,6
0,1,4,0,2878.86,1
0,3,3,0,1165,1
0,0,4,4,628.65,1
0,1,3,0,498.2,10
0,0,4,2,2316.5,1
0,1,4,1,530,3
0,0,3,0,3057.51,2
0,0,3,0,2722.54,1
0,1,4,18,479.98,1
0,1,3,2,6305.85,8
0,0,5,1,856.97,2
0,0,4,10,2048.02,8
0,0,3,1,1589,1
0,1,4,3,2014.4,1
0,2,2,2,1508.54,9
0,2,5,6,233.2,1
1,0,3,1,2091.73,1
0,1,3,0,947.74,3
0,0,3,0,891.03,2
0,0,1,1,6849.81,3
0,0,5,1,980.3,3
0,0,4,1,1037.03,2
0,0,3,0,530,1
0,0,4,3,2082.22,7
0,0,1,0,7034.5,2
0,0,4,0,489.62,2
0,0,1,4,1783.86,1
0,0,5,2,1148.53,8
0,0,4,1,4031.05,8
0,0,5,1,529.68,2
0,0,4,21,375.94,8
0,0,5,1,526.2,2
0,0,3,1,1605.32,1
0,0,4,0,1268.46,1
0,0,5,14,530,3
0,0,1,5,671.28,1
0,0,4,1,481.53,1
0,0,4,1,1060,3
0,2,4,3,3642.77,8
0,0,4,2,530,3
0,2,2,0,510.25,7
0,3,3,6,1720.73,10
0,0,4,0,1060,1
0,0,4,1,3145.08,2
0,0,5,0,530,3
0,1,3,1,726.91,1
0,2,4,3,1262.69,1
0,0,5,1,529,1
0,0,3,6,530,1
0,3,4,2,2655,8
0,2,3,2,521.96,1
0,0,4,11,1010.68,5
0,0,3,4,859.34,3
0,0,3,1,525.95,1
0,0,3,0,503.6,2
0,0,4,1,475.29,3
0,1,5,0,3115.77,3
2,0,5,8,1467.57,3
0,1,1,1,2221.18,3
0,0,4,1,637.93,1
0,0,4,1,519.54,2
1,1,4,0,530,1
0,0,3,0,2234,2
0,0,5,1,503.82,2
0,0,4,0,1024.07,3
0,1,5,3,2005.14,10
0,0,5,1,1943.93,1
0,0,4,0,2040.11,1
0,0,3,0,2511.36,3
0,0,4,5,5247.36,1
0,0,4,0,1970.93,10
0,0,5,7,3314.58,7
0,1,4,1,97.29,3
0,1,4,2,524.7,8
0,0,4,12,524.7,3
0,1,2,0,2007.97,1
0,0,4,4,1048.38,2
0,0,4,0,1494.63,2
0,0,4,0,407.54,1
0,0,3,0,503.22,2
0,0,3,7,483.83,2
0,0,2,2,7247.94,3
0,0,1,0,1431.4,2
0,1,4,2,1030.01,1
0,0,2,0,487.6,2
1,1,3,3,526.53,1
0,0,4,0,1426.24,2
0,0,5,2,1353.04,1
0,0,4,0,508.8,1
0,1,3,1,466.88,10
1,0,3,0,502.52,1
0,1,4,23,511.27,4
0,0,4,4,765.45,3
0,0,4,4,1376.55,1
0,4,3,2,518.52,3
0,0,4,4,5152.52,1
0,3,4,2,2593.01,10
0,2,4,6,689.5,1
0,0,2,0,493.14,1
0,0,3,0,526.25,5
0,1,4,1,514.77,3
0,0,4,1,452.71,2
0,0,2,0,489.12,2
0,1,1,1,524.7,3
0,0,4,0,2106.62,2
0,1,4,0,730.73,10
0,1,5,1,528.33,8
0,3,1,0,1474.33,1
0,1,3,8,530,1
0,0,2,1,503.78,2
2,0,3,6,2151.46,1
0,0,4,4,870.5,1
0,0,3,0,480.71,1
0,0,3,0,530,2
2,1,4,2,1225.9,2
0,0,5,0,3051,2
0,0,5,3,3277.16,1
0,1,5,0,3140.47,1
0,0,3,2,4410.53,8
0,3,4,0,4175.37,1
0,0,3,0,522.68,2
0,1,4,3,497.06,1
0,0,4,0,8290,3
0,0,3,8,997.48,1
0,1,3,0,2426.46,2
0,0,4,1,3061.32,1
0,1,5,0,525.82,10
0,2,4,3,508.87,3
1,3,4,0,2401.45,1
0,0,4,0,1539.83,8
0,1,4,1,2739.62,1
0,1,2,3,1153.35,1
0,0,5,0,2437.21,1
0,0,4,0,2560.5,1
0,0,4,3,4868,8
0,0,3,0,2429.59,1
0,0,3,1,530,3
0,0,5,0,1485,3
0,0,2,3,622.3,3
0,0,3,0,2902.87,2
0,3,4,1,4046.82,1
0,0,4,2,525.26,2
0,0,4,4,617.32,1
0,1,5,2,2095.03,3
0,1,4,1,517.5,3
0,2,1,1,524.81,10
0,0,5,3,1157.32,1
0,1,3,1,517.35,8
0,0,4,0,530,1
0,1,4,0,2705.49,1
0,1,4,0,530,3
0,1,3,3,441.06,8
0,0,1,6,1087.25,1
0,0,4,1,1380,1
0,0,5,7,1432.21,8
0,1,4,4,2727.84,8
0,0,4,22,395,8
0,3,5,4,2896.79,1
0,0,4,2,530,1
0,2,5,1,4737.14,8
0,1,4,0,522.11,3
0,0,3,1,3604.23,1
0,1,3,0,816.43,1
2,0,5,2,529.15,1
0,0,1,1,2626.2,8
0,0,3,0,485.58,1
0,1,3,2,1181.76,1
0,0,4,5,1239.22,1
0,1,3,3,530,1
0,0,5,0,1703.45,2
0,2,4,14,2624.75,7
0,2,4,8,495.59,1
0,1,5,0,1938.56,3
0,0,5,1,10197.13,1
0,0,4,0,1052.08,1
0,0,5,1,1901.87,3
0,2,3,1,1979.11,10
0,1,4,3,724.84,10
0,2,4,3,1260.03,1
0,0,3,3,482.52,1
2,0,5,9,2486,3
0,1,5,3,514.1,8
0,1,4,3,5199.22,9
0,1,5,3,5050.7,3
0,2,5,1,2231.68,8
0,0,3,0,2831.58,1
1,1,3,9,7812.66,8
0,2,4,3,618.26,3
0,1,4,3,498.2,1
0,0,4,0,2390.46,3
0,1,5,0,3185,3
0,0,4,1,1680.92,10
0,1,5,9,3235.95,1
0,1,1,1,516.1,1
0,0,5,2,1586.09,3
0,0,1,4,4942.78,3
0,0,4,1,1060,1
0,0,5,3,530,2
0,0,3,1,2814.22,3
0,0,4,6,2032.34,1
0,0,4,0,519.4,2
0,0,5,1,7854.03,1
0,1,4,5,1270.47,3
0,0,5,1,1748.32,1
0,0,4,0,518.51,2
0,3,3,7,1989.98,10
0,1,2,1,1651.55,1
0,0,1,4,525.81,1
0,2,1,0,525,10
0,1,5,1,518.95,8
0,0,3,1,1541.04,1
0,2,3,2,2952.03,1
0,1,4,1,955,10
0,3,1,0,1380,1
0,0,4,0,530,2
0,0,1,2,5525,1
0,1,4,3,947.44,8
0,2,5,8,621.6,1
0,1,5,0,3087.67,3
0,2,3,2,530,1
0,0,4,4,530,1
0,0,5,0,1028.19,2
0,1,4,2,471.7,1
0,3,1,1,1696.7,1
0,1,4,7,1228.59,1
0,3,1,3,3091.57,1
0,1,4,2,528.99,10
0,1,4,15,413.79,1
0,1,4,1,1684.96,1
0,0,3,1,2302.97,2
0,0,4,0,3011.44,1
0,3,3,3,5015.41,1
0,0,2,4,822.28,8
0,0,4,10,2223.66,3
0,1,1,0,518.14,3
0,0,4,6,1263.72,1
0,0,3,6,694.02,1
0,0,5,4,2723.09,8
0,0,4,3,1399.05,2
0,1,3,3,526.01,1
0,0,4,12,502.79,1
0,0,4,0,530,1
0,0,1,0,530,2
1,1,4,0,530,1
2,0,5,5,527.85,3
0,1,4,1,1060,10
0,0,5,0,1624.44,2
0,0,4,23,440.07,8
0,2,3,3,1468.32,1
0,0,4,0,530,1
0,0,5,1,515.2,1
0,0,4,0,518.49,1
0,0,4,6,3160.6,1
0,0,5,7,1540.69,1
0,0,5,4,530,5
0,0,4,0,530,2
0,0,5,1,924.59,2
0,0,2,2,2104.57,8
0,0,4,2,2778.95,2
0,0,4,1,1040.06,2
0,0,4,4,1049.92,1
0,1,5,0,3185,3
0,0,4,6,1449.18,1
2,0,3,4,529.88,2
0,0,4,4,928.44,1
0,0,4,1,1516.25,3
0,0,3,10,2490.01,1
0,0,4,4,1499.03,1
0,0,5,1,8421.22,1
0,0,5,4,1290.49,3
0,0,4,0,520.1,2
0,2,5,2,3297.26,8
0,0,4,1,3069.83,1
1,0,1,1,2010.76,1
0,0,4,1,2472.08,3
0,1,4,1,456.15,10
0,2,4,11,1254.75,1
0,0,5,1,9227.93,1
0,1,5,3,5510.85,3
0,0,4,1,656.89,7
0,0,4,7,1884.69,1
2,0,5,3,4085.16,8
0,2,4,8,624.5,1
0,0,4,2,485.31,1
0,0,5,1,920.85,10
0,2,5,0,3795.97,8
0,0,4,0,1360.38,3
0,0,5,1,2560.51,1
0,0,4,6,744.22,3
0,1,4,3,1799.09,2
0,1,3,1,530,9
0,0,4,0,3185,8
0,0,4,5,4487.53,1
0,0,4,3,1153.44,1
0,2,3,4,2267.27,8
0,1,2,2,870.66,1
0,0,4,0,524.75,1
0,0,3,0,1503,1
0,0,4,1,2407.21,8
0,1,4,0,530,10
0,0,5,9,1490.7,1
0,0,3,1,530,2
0,0,5,1,1463.54,1
0,2,3,2,520.15,1
0,3,1,0,1859.02,1
0,1,3,0,1420.53,8
0,2,5,1,4951.9,1
0,0,3,1,2070.25,1
0,0,5,0,1356.53,2
0,1,4,3,40.09,1
0,0,4,2,1205.43,10
1,0,4,0,512.74,2
0,3,5,4,2902.98,1
0,0,4,0,530,1
0,0,1,0,488.26,2
0,1,4,1,1618.49,1
0,2,4,5,530,3
0,0,4,0,513.46,1
0,1,5,1,10337.06,1
0,1,4,3,3678.69,1
0,0,3,2,1567.39,2
0,0,4,2,2334.83,1
0,1,4,16,436.79,1
0,0,4,0,489.63,2
0,1,4,0,530,3
0,1,5,0,5100.87,3
0,2,4,0,9701.97,8
0,0,4,5,1997.28,2
0,2,3,0,1689.27,10
0,3,4,0,4251.85,1
0,0,5,5,3370.74,8
0,0,4,4,611.04,2
0,2,5,5,524.65,1
0,1,3,1,783.83,1
0,0,4,13,510.92,1
0,3,3,0,1017.79,1
1,0,4,0,2106.36,1
0,0,4,2,1537.81,2
0,1,5,1,3163.6,3
0,0,1,3,530,10
0,0,3,3,475.27,1
0,1,5,3,481.1,8
0,1,3,1,523.12,8
0,1,5,1,10474.66,1
0,3,4,2,2962.1,1
0,0,4,2,1537.34,1
0,0,4,24,432.33,8
0,0,5,2,530,2
0,0,4,0,1204.84,3
0,0,4,1,482.54,2
0,1,5,1,10442.43,1
0,2,3,4,5791.34,1
0,1,4,0,957.41,10
0,0,5,2,940.89,2
0,0,4,7,4734.39,1
0,0,4,2,1485,2
0,0,4,5,512.12,7
0,2,3,4,2610.09,10
0,0,5,7,4926.22,8
0,0,4,1,3146.14,1
0,0,5,2,8862.79,1
0,2,4,5,365.77,1
0,0,4,2,4857.49,3
0,1,3,1,521.86,10
0,0,4,1,524.84,2
0,0,4,0,465.78,3
0,0,4,1,482.82,1
0,0,4,2,1102.9,3
0,0,4,1,1324,2
0,0,5,3,3185,8
0,0,4,0,3160,1
0,0,4,0,2945.01,2
0,2,4,1,2007.79,8
0,2,5,0,4308.67,1
0,2,4,2,2063.06,1
1,0,5,1,10561.2,1
0,2,5,1,1173.4,1
0,4,4,4,1624.1,8
1,2,4,0,1157.86,3
0,3,5,3,1856.73,1
0,0,5,2,2757.19,1
0,0,5,10,1449.36,1
0,1,5,2,10430.89,8
0,1,3,0,613.99,1
0,3,1,1,1824.52,1
0,0,4,6,2008.44,1
0,0,4,1,530,2
0,0,5,2,1674.95,2
1,0,4,5,1864.96,1
0,0,4,1,1590,8
0,0,4,3,527.29,2
0,0,4,4,3086.85,1
1,1,4,3,4411.33,3
0,1,4,3,5634.41,10
0,0,3,0,2008.54,3
1,1,5,0,2125,1
0,0,4,0,483.81,2
0,0,5,5,3499.34,1
0,1,3,2,9944.09,1
0,0,1,1,900.47,2
0,0,4,0,303.2,1
0,2,1,0,1525.56,10
0,0,3,3,2412.56,8
0,0,4,2,1650.99,3
0,1,4,3,3419.3,1
0,1,4,1,504.93,2
1,2,4,1,1432.47,3
0,0,4,5,820.28,1
0,0,3,3,4749.72,2
1,1,4,1,685.36,2
0,0,5,7,3572.26,1
0,2,4,8,697.82,1
0,0,4,1,1343.57,8
1,1,3,3,1712.92,10
0,0,4,6,635,2
0,0,4,1,817.71,3
1,1,4,0,736.89,10
0,0,5,2,1685.88,1
0,1,3,2,1970.69,8
0,0,4,1,4355,1
0,0,4,1,6546.64,1
0,1,4,3,2288.36,2
0,1,3,6,9790.18,8
0,1,3,0,519.38,8
0,0,1,0,2217.24,2
1,1,4,0,530,1
0,0,4,3,478.91,4
0,0,3,0,2059.57,2
0,0,4,25,446.71,8
0,2,4,2,1657.22,1
0,1,5,2,2839.05,2
0,1,5,0,10477.26,2
0,0,4,0,1966.74,3
0,1,5,4,5017.51,1
0,4,3,4,5130.82,1
0,0,5,0,499.01,2
1,0,4,1,4100.9,2
0,0,4,1,3185,3
0,0,5,1,9936.73,1
0,1,4,5,937.11,10
0,1,4,2,5596.12,8
0,1,3,2,10253.93,2
0,0,4,0,448.36,2
0,0,3,0,530,1
0,0,4,3,667.58,1
0,0,3,1,520.99,1
0,0,4,5,507.4,1
0,2,5,3,4804.62,8
0,1,4,0,3400,10
0,0,4,0,530,1
0,1,4,3,3067.16,1
0,0,4,0,2147.29,2
0,2,4,5,398.91,3
1,0,4,1,2186.7,1
1,0,4,0,512.65,2
0,0,2,1,2110.84,6
1,1,4,0,625.17,1
0,3,4,1,4222.04,1
0,2,5,1,2563.11,8
1,2,5,1,9936.73,1
0,1,5,1,3106.12,3
1,0,3,2,2195.3,1
0,1,4,1,708.56,8
0,0,4,1,4995,1
0,0,1,0,439.04,2
0,1,4,9,446.17,1
0,3,5,5,9246.87,9
0,1,3,0,9705.01,1
0,1,4,0,10630,1
1,0,5,3,10051.88,1
0,2,4,2,2125,8
0,2,4,4,1986.92,3
0,0,4,2,10629.86,3
1,0,1,0,530,2
2,0,2,5,530,1
0,0,5,2,1519.22,2
0,0,5,11,1538.54,1
0,0,3,0,3359.02,2
1,0,3,0,1999.77,3
0,2,5,7,599.72,1
1,2,5,0,3622.57,1
0,0,1,0,510.1,2
1,0,4,1,1157.3,1
0,0,3,0,2499.07,1
0,1,4,2,464.88,10
0,0,4,0,3145.83,8
0,0,4,1,479.82,3
0,0,5,8,7544.5,1
0,0,3,7,1542.64,1
0,3,1,2,862.96,1
1,1,5,0,467.71,1
0,3,1,3,2520.92,1
0,1,4,0,10386.42,1
1,1,4,1,508.3,1
0,0,3,1,530,2
1,1,3,1,1945.47,1
0,0,1,0,10509.37,10
0,1,1,0,526.94,3
0,0,4,0,1018.2,8
1,2,3,1,4204.85,1
0,1,4,0,530,3
1,0,3,0,2428.36,1
1,2,3,1,9803.83,1
1,0,1,0,1590,10
0,1,4,0,10044.04,1
0,0,5,0,526.63,1
0,0,4,1,1718.88,10
0,0,3,2,7346.25,8
0,1,5,0,3136,1
0,1,4,0,3060.45,10
0,0,3,0,530,3
0,0,5,4,1874,8
0,0,4,0,526.65,2
0,1,5,3,10339.62,8
0,0,5,5,3326.56,1
0,0,3,0,3068.82,2
1,0,3,1,3276.83,1
1,1,4,0,523.3,1
0,2,1,1,523.72,10
0,0,1,0,530,2
0,0,5,0,2078.76,1
0,0,3,0,456.27,2
0,2,5,10,418.53,1
1,0,1,1,530,3
0,1,4,0,3125.57,10
0,0,1,0,2096.06,2
1,0,1,5,2006.62,3
1,0,1,0,1910,1
0,3,3,1,918.32,1
0,0,4,9,2983.53,5
0,1,5,5,289.4,1
0,0,4,26,470.89,8
1,1,4,0,603.66,2
1,0,1,0,517.18,2
0,0,4,2,7443.75,3
0,1,5,0,4335.43,3
0,0,5,1,647.26,1
0,0,1,1,3185,2
0,0,1,0,506.46,2
1,1,5,0,10109.87,2
0,0,3,1,1995.57,3
0,0,4,1,1590,2
0,0,3,1,4250,1
0,0,4,0,3258.19,2
0,3,1,1,1999.63,1
0,0,3,0,499.65,3
0,0,2,2,2007.61,1
0,0,4,11,478.4,3
0,3,4,6,5013.76,10
0,0,3,1,4198.59,8
0,1,3,6,2083.24,8
1,0,3,0,1977.52,1
1,1,5,2,524.21,2
0,1,4,0,630.55,3
1,0,5,1,5987.33,8
0,0,2,1,519.67,2
0,0,3,0,2112.57,3
0,0,5,0,2125,1
0,0,3,2,2112.57,3
0,0,5,0,2028.59,2
0,0,3,0,526.99,3
1,1,3,0,1580.98,2
0,0,4,2,2409.38,2
0,0,5,4,7679.85,1
1,0,4,3,2105.89,1
0,1,5,1,2083.77,3
1,1,4,0,841.54,10
0,0,4,4,676.15,1
0,3,1,0,2083.77,1
0,0,5,6,905.05,8
0,0,3,0,2118.94,3
0,1,3,1,1950.97,8
1,0,3,1,2118.94,1
0,0,3,4,2460.18,8
1,1,4,0,530,1
0,0,4,2,2778.98,1
1,0,5,0,2098.87,3
1,0,3,0,2057.29,1
0,0,3,1,2028.59,1
0,0,3,0,2020,3
0,0,2,1,950.9,2
1,0,1,0,2118.94,10
0,0,3,1,500.22,2
0,0,3,3,2075.65,3
0,1,4,5,842.21,2
0,1,3,1,2125,8
0,0,1,7,2091.5,3
0,1,4,13,516.26,8
1,1,4,6,2173.02,7
0,0,4,0,1088.21,10
0,0,3,0,1355.75,2
0,0,4,0,530,2
0,3,4,0,4167.28,1
0,1,3,1,1991.14,8
0,4,4,10,4542.01,1
0,1,1,0,2027.01,3
0,1,5,0,2048.8,3
0,1,1,0,527.03,3
0,0,4,1,523.89,2
0,0,5,1,516.35,1
0,0,3,4,530,3
0,1,3,4,1793.71,8
0,0,3,0,1956.49,1
1,0,3,1,2038.94,10
0,2,1,1,517.76,8
0,0,3,0,2001.83,3
1,0,3,1,2008.18,1
0,0,2,1,526.99,2
0,2,5,2,2108.67,1
1,1,3,0,2105.89,8
1,0,1,2,3677.11,2
1,0,4,0,2105.89,1
1,0,5,0,2105.89,3
0,0,3,0,2125,3
0,2,3,0,2008.18,10
0,2,5,12,1437.43,1
1,0,3,0,1460.43,3
1,0,3,1,2105.89,1
1,1,5,0,2091.5,1
0,1,1,0,2112.34,3
0,1,5,3,2105.89,1
0,1,4,2,3607,2
0,0,2,0,495.92,2
0,0,4,1,409.63,2
0,0,5,0,10263.61,4
0,0,3,0,2020,2
0,2,3,0,10124.72,1
0,0,3,0,9778.31,8
1,0,3,0,4250,2
1,0,4,2,1561.94,3
0,0,5,3,2550,1
0,1,5,1,10629.99,8
0,1,5,0,4167.55,3
0,0,3,2,3624.07,1
0,2,3,1,3797.46,10
0,1,1,0,1956.49,3
0,2,5,1,2125,8
0,2,5,0,4167.55,1
0,0,4,1,1327.9,1
0,0,4,0,2230,3
0,0,4,1,2622.35,1
0,1,4,0,530,10
0,1,5,0,2039.74,3
0,2,3,0,10599.66,2
1,0,1,1,2007.51,3
0,2,4,2,2079.15,1
0,0,4,0,523.4,2
0,1,4,1,4250,10
0,2,3,2,2890.49,1
0,0,3,4,4249,1
1,0,3,0,1964.99,1
0,1,4,3,1131.27,8
0,0,3,2,4237.87,3
0,2,5,0,4122.48,1
0,0,5,2,4097.61,2
1,1,4,0,520.16,1
0,2,4,6,3757.91,8
0,0,5,1,525.24,1
0,1,5,5,1991.78,1
0,1,5,3,4954.94,2
0,0,3,5,1938.19,2
1,2,5,7,6174.57,1
0,0,4,2,5174.11,8
0,0,1,0,10567.81,3
0,1,4,5,6352.84,8
0,1,3,2,8638.22,3
0,0,4,1,530,2
0,0,3,0,6337.71,3
0,1,4,3,2818.34,1
0,0,1,0,2952.49,3
0,0,4,0,4225.14,3
0,0,5,0,1001.54,3
1,2,3,0,4183.01,1
1,1,1,3,3989.82,1
0,0,4,0,4147.96,8
1,0,4,1,2091.55,1
1,0,3,0,10383.16,8
0,1,5,0,10414.97,1
1,0,1,0,2014.23,3
1,0,1,0,2948.24,10
0,0,4,2,530,1
0,0,4,1,719.9,2
0,0,4,10,1298.35,5
0,0,4,27,474.66,8
0,0,5,1,9705.58,1
0,0,5,4,2332.09,2
0,0,1,0,4225.14,1
0,0,1,4,1172.34,1
1,0,3,0,2014.23,3
1,0,1,1,2118.94,3
1,0,1,0,4167.55,1
0,2,5,0,4211.36,1
0,0,4,3,1712.48,1
1,0,4,0,2018.56,10
0,1,4,0,787.91,10
0,0,3,0,4197.74,1
0,0,1,0,1911.37,10
1,0,1,0,4146.5,3
0,2,3,0,4115.4,10
1,0,5,0,2676.86,10
1,0,4,1,2001.83,8
0,3,5,1,5845,8
0,1,5,0,3108.98,3
0,1,5,0,3123.2,3
1,0,3,1,2112.13,1
0,0,5,1,9189.78,1
0,0,4,3,7485.41,2
0,1,4,1,861.01,10
0,0,4,1,5649.6,1
0,2,5,2,2073.8,8
0,2,5,2,4225.14,1
0,2,4,2,1668.7,1
1,0,3,0,4250,3
1,1,5,5,2001.83,3
0,0,4,5,1088.65,1
0,2,4,6,886.69,1
0,0,4,5,1910,1
0,0,4,5,1531.99,3
0,0,3,4,490.09,2
0,1,5,7,10462.58,1
1,0,3,0,503.13,1
0,0,3,0,6375,1
0,1,1,1,516.28,3
0,4,4,4,1984.92,8
0,0,4,0,3023.32,1
0,0,5,4,3154.87,8
0,0,2,2,8870.58,2
0,0,4,0,2954.27,8
0,0,3,2,2014.23,1
0,2,3,0,10630,3
0,0,3,1,513.97,2
0,4,4,3,4151.32,3
0,0,3,1,2008.18,3
0,1,5,1,4097.61,10
1,1,3,1,3478.81,1
0,0,4,0,3009.18,1
0,0,4,1,4250,2
1,0,3,0,940.88,1
0,0,4,0,530,2
1,0,1,0,472.81,1
0,1,4,3,957.09,10
0,0,3,0,4225.14,1
0,0,3,0,2647.01,1
1,0,1,3,1994.53,3
0,2,5,9,523.16,1
0,1,4,3,2841.48,1
0,0,1,1,2956.73,3
0,3,4,9,1275,1
0,0,4,1,1048.02,2
0,1,4,4,10184.13,2
0,0,3,0,4250,1
0,0,3,1,2582.7,1
0,4,4,2,4237.87,3
0,0,5,0,8273.4,1
0,0,5,2,1590,3
0,0,4,0,3398.22,3
0,0,3,2,6296.61,1
0,0,5,1,491.7,3
1,0,4,0,10630,1
1,0,3,4,10499.28,1
0,0,4,2,526.44,3
1,0,3,0,1996.71,1
1,0,3,0,3134.79,1
0,1,4,0,10067.83,1
0,0,3,2,3625.78,1
0,0,3,0,4154.71,8
0,1,5,0,4197.74,3
2,0,5,7,525.03,2
1,0,4,0,4250,3
0,1,4,1,2845.78,1
0,2,5,12,687.39,1
1,0,3,1,3134.79,1
0,2,3,2,2055.05,10
0,0,1,0,2977.27,2
0,1,3,2,1136.78,8
0,1,5,2,1011.79,10
0,0,3,0,2080,1
0,4,3,2,525.7,3
0,0,1,1,523.66,2
0,0,3,0,2271.13,1
1,2,1,0,4211.77,8
1,0,3,0,4211.77,3
0,0,5,1,9632.86,1
0,0,4,1,2118.69,10
1,0,5,1,1865.63,1
0,0,4,1,3651.36,2
0,0,1,1,4097.61,3
0,1,3,2,1919.5,8
0,1,4,16,467.1,1
0,2,5,3,4250,1
1,0,3,0,10093.4,1
1,2,3,0,4167.52,1
0,1,1,1,1526.28,3
0,0,3,0,4183.01,8
0,0,5,0,4175.19,2
0,0,3,4,7123.57,8
0,0,4,0,2001.83,5
0,3,3,1,1214.63,1
1,2,5,0,2026.98,10
0,0,1,1,2112.64,2
1,1,3,0,1380,2
0,0,3,1,2075.45,1
0,0,4,1,530,2
0,1,1,2,509.75,3
1,2,4,0,1590,3
1,0,3,0,4057.19,3
0,3,4,3,946.1,1
1,0,3,1,4250,3
1,0,1,0,1553.15,1
0,0,4,0,1580.45,1
0,1,5,0,4130.06,3
0,2,5,0,4250,1
0,0,4,0,530,2
1,0,3,0,4250,3
0,0,4,0,3166.37,8
0,1,4,0,4071.38,10
1,2,5,4,4237.87,8
1,0,4,0,530,2
0,0,5,2,8455.75,1
0,3,4,9,1375.44,1
0,0,4,5,4065.33,1
0,0,4,1,6681.69,3
0,2,4,0,1995.16,3
0,0,4,2,530,1
0,0,4,1,497.27,2
1,0,1,0,6274.51,3
1,3,4,2,4250,1
2,1,4,1,529.21,2
0,2,4,0,2020,3
0,0,3,0,4151.32,3
0,0,1,1,1288.36,2
1,4,4,1,2125,3
1,2,5,0,4250,8
0,0,3,0,4250,3
1,0,3,0,4250,3
0,0,4,0,7.42,1
1,2,5,0,3894.98,1
0,1,5,3,3380.11,3
0,3,3,3,518.47,10
0,0,1,1,3196.23,2
0,1,5,2,2125,3
0,0,4,2,622.68,2
0,0,3,0,2075.65,2
1,0,3,0,10567.81,1
0,0,1,1,526.56,2
0,0,3,1,9506.15,3
0,0,4,1,1448.09,1
0,0,3,3,3021.27,3
0,0,4,4,2215.75,1
1,0,4,2,514.38,3
0,0,3,0,4197.74,1
0,0,2,2,1558.62,3
0,0,4,0,1019.92,1
0,0,4,28,488.25,8
0,0,4,1,3720,2
0,1,1,2,520.83,1
0,0,4,0,3165.54,2
1,1,5,1,4134.28,1
1,0,1,0,2230,2
1,2,3,0,4151.32,1
2,0,3,2,528.76,1
0,0,4,1,3075.38,1
0,0,5,1,1270.61,8
1,0,1,1,530,3
0,0,4,3,1983.4,3
0,2,4,6,913.89,1
0,1,1,0,1328.62,3
0,0,3,1,2020,2
0,0,1,5,706.61,1
0,0,4,6,438.14,3
0,0,4,0,5315,1
0,2,4,1,7724.94,10
0,0,4,1,466.4,2
0,2,5,0,5141,1
0,1,5,0,3505,3
0,0,3,1,2639.47,3
0,0,3,0,3802.35,1
0,1,4,0,5084.14,2
1,0,3,0,10599.66,3
0,0,4,1,5496.45,8
0,2,4,0,2090.21,3
0,0,4,0,1060,1
0,1,4,0,530,10
0,0,4,0,2530.24,1
0,0,4,1,3133.08,8
0,0,4,0,4224.16,3
0,2,4,6,439.45,1
0,2,4,3,1275,1
0,1,3,0,526.99,10
0,0,3,0,4211.77,3
0,3,3,4,508.9,10
1,0,4,1,4183.01,3
0,1,5,2,2125,3
0,3,1,1,2112.57,1
0,0,3,1,4225.14,3
0,2,5,2,4211.77,1
1,3,3,0,10567.81,10
1,2,4,0,1380,10
0,1,4,1,622.19,3
0,2,5,13,1315.37,1
1,0,3,2,4167.55,3
1,0,4,0,3134.06,3
1,0,4,0,5211.88,1
1,3,3,0,273.62,3
0,0,1,2,2655,2
0,1,5,1,3104.02,3
0,1,4,7,568.43,10
0,0,4,1,859.82,3
0,0,4,0,2954.27,1
0,1,1,0,2125,3
0,0,3,1,529.24,2
1,0,3,0,4016.37,3
1,1,3,0,3166.85,3
0,1,1,2,549.02,1
0,1,5,0,4250,3
0,0,3,0,1995.16,1
0,0,4,1,511.78,2
0,0,1,5,529.86,2
1,0,4,0,3185,3
0,2,4,5,3090.41,1
0,0,4,0,3110.04,3
0,2,3,1,2075.83,10
0,3,3,4,530,10
1,1,4,1,4250,10
0,3,1,0,3903.27,1
0,0,3,1,3643.72,1
0,0,1,0,4250,3
0,0,3,1,482.68,2
0,1,1,1,500.86,3
1,0,3,0,10371.56,1
0,0,3,0,1954.75,1
0,1,3,0,844.43,8
1,0,3,0,10295.79,1
0,0,4,1,4035.53,8
0,0,4,0,519.08,1
0,2,3,3,2351.92,8
0,0,3,0,2112.57,3
1,0,4,0,1905.37,8
1,2,3,0,4155.65,1
0,0,4,0,4097.61,3
0,0,1,4,3184.58,1
0,0,1,4,2033.12,1
0,0,3,0,4134.28,1
0,0,5,5,346.14,2
1,0,3,0,1844.32,3
0,0,3,1,3615,1
0,1,4,17,488.56,1
1,1,5,0,512.9,1
0,0,3,2,4237.87,8
0,1,5,2,2125,3
0,0,1,3,4122.41,2
1,0,3,0,10599.66,1
0,1,5,7,1886.52,1
1,1,5,0,4123.78,1
0,1,4,3,486,1
0,1,4,11,761.97,1
1,0,3,4,1983.26,1
0,2,4,1,2112.62,3
0,0,1,1,8418.72,3
1,0,1,0,1572.03,2
0,3,1,1,2091.5,1
0,0,3,1,2008.18,1
0,0,3,1,2118.94,1
0,0,3,0,2550,3
0,2,1,2,1060,10
1,0,4,0,691.74,3
0,1,5,1,3642.46,3
0,0,4,1,2230,1
1,0,3,0,3056.01,1
0,0,1,2,3025.4,2
0,0,4,1,487.55,3
0,0,4,2,4142.54,2
1,0,3,0,2567.74,1
0,0,3,4,10567.81,1
0,0,3,0,4250,2
1,0,4,0,3144.04,3
0,0,3,2,615.18,1
0,0,1,2,7496.62,2
1,0,4,0,621.02,3
0,0,3,0,1988.16,1
1,2,3,0,720.79,1
0,2,4,1,10562.35,8
0,0,3,0,3028.28,3
1,1,4,0,523.4,10
0,0,5,3,2112.07,3
1,2,5,0,3950.42,1
0,2,4,2,2096.75,1
0,0,2,2,3087.9,2
0,3,1,0,2917.29,1
0,1,5,1,2993.06,3
1,0,5,0,5845,1
0,0,3,0,0,2
1,0,3,3,4200.42,1
0,3,1,1,1956.49,1
1,0,4,1,1951.27,8
1,0,3,1,159.03,1
1,1,3,1,3185,3
0,0,5,3,530,2
0,0,3,2,3294.34,1
0,1,5,2,5778.14,10
0,1,5,0,1700,10
0,0,3,1,9692.03,8
0,0,3,2,6232.63,10
0,0,1,1,2742.72,2
0,0,4,29,505.87,8
0,1,4,3,894.48,1
0,1,5,3,3155.84,10
0,0,3,0,4250,2
0,0,3,1,517.76,2
1,1,3,0,3145.83,3
1,4,4,1,2125,3
0,2,3,1,0,4
0,0,4,2,4250,1
0,0,4,7,944.94,1
0,0,1,2,6877.76,1
0,0,3,1,4057.19,8
1,0,3,0,2118.94,1
0,0,3,0,166.33,2
0,0,3,1,4250,3
0,1,4,0,2379.83,1
0,1,4,1,530,3
1,0,3,0,424.19,1
0,0,3,0,3155.6,3
0,0,3,1,2935.89,1
0,1,5,1,2886.86,1
0,0,3,1,3574.15,3
0,2,2,1,2014.23,8
0,1,5,0,4223,3
0,1,5,3,2125,1
0,2,3,0,10484.03,1
1,0,1,0,4201.69,3
1,0,4,0,1515.28,2
1,0,3,0,2112.57,3
0,0,1,1,713.62,5
1,0,4,0,2014.23,10
1,1,5,0,334.53,1
1,0,1,1,500.86,2
0,0,3,0,4250,1
0,1,3,0,1541.9,2
1,0,3,0,530,2
1,0,3,0,4211.77,3
0,3,1,1,3146.14,1
0,0,1,3,530,1
0,0,5,1,189.76,1
0,1,4,3,2104.04,2
0,0,3,1,526.33,2
1,1,5,1,2112.57,1
0,0,4,2,4250,1
1,0,3,1,4237.87,3
0,2,3,0,10534.38,3
0,3,1,1,4151.32,1
0,0,3,0,2020,1
0,0,3,0,3720,1
0,1,3,1,2020,8
0,3,1,2,2020,1
1,0,4,0,4250,3
0,0,4,3,3512.23,8
1,0,3,0,4250,3
0,1,1,0,2520.89,3
1,1,3,1,3114.27,3
0,0,3,3,2019.77,1
0,0,4,0,519.95,2
0,1,1,2,1482.92,3
0,3,4,0,3940.27,1
1,0,3,2,1864.23,2
1,1,4,0,850,2
0,0,3,1,506.49,2
0,0,1,1,2831.96,10
0,2,3,1,3086.4,1
1,1,3,0,1380,1
0,0,3,1,4237.87,3
1,3,5,1,10,8
0,3,3,5,1668.54,10
1,2,3,5,4250,3
0,0,4,1,1468.88,1
0,0,4,2,2102.99,3
1,0,3,0,4225.14,3
0,2,5,11,221.53,8
0,2,3,1,3082.52,1
1,0,3,3,4192.53,3
1,0,4,0,3157.54,3
0,0,3,0,2001.83,3
0,0,1,3,8040.16,1
0,0,3,0,2091.5,3
0,0,1,1,3498.96,3
0,0,4,7,451.02,3
0,0,5,1,1449.41,1
0,2,5,5,526.83,1
1,0,4,3,3185,8
0,1,5,0,3970.24,3
0,1,5,0,4197.74,3
0,1,4,1,1689.64,1
0,0,3,2,3684.93,1
1,0,1,0,4250,3
0,0,5,0,2647.42,3
0,0,4,0,3517.33,1
0,0,4,1,1390.63,3
1,0,4,0,1060,1
0,0,4,1,4225.14,3
1,0,4,2,10534.12,1
0,0,1,5,7788.28,1
0,0,5,2,3110.33,1
1,0,1,0,10567.81,1
0,0,4,1,1046.75,3
0,0,1,1,5825.23,1
0,0,3,1,1266.58,1
0,0,3,1,2655,1
0,0,4,1,527.04,2
0,1,3,3,4195.1,1
0,0,3,0,1947.36,3
0,0,3,1,2117.67,3
0,1,4,1,501.27,3
0,0,3,1,1980.81,1
0,0,4,12,482.19,1
1,2,5,1,3145.83,1
0,0,4,4,483.7,1
0,0,4,3,530,2
0,2,4,0,2087.05,8
0,0,3,2,3677.96,1
0,0,4,1,2030.45,2
0,1,5,2,2930.35,10
0,1,4,0,513.39,3
0,1,4,1,506,3
1,0,4,4,334.87,3
0,2,1,0,494.93,8
0,0,5,0,2112.74,2
0,0,3,0,3369.42,1
0,2,4,0,2118.94,3
1,0,4,0,509.38,2
1,2,1,1,4097.61,8
1,1,4,1,530,1
1,0,5,3,2457.57,1
0,0,3,0,530,3
0,1,3,0,827.66,1
0,1,4,1,528.43,10
1,0,4,0,493.42,3
0,0,3,0,255.45,2
0,1,4,1,526.88,3
0,0,4,0,1116.52,5
0,0,1,4,524.75,8
0,0,4,1,517.73,2
0,0,4,1,526.5,1
0,0,1,3,692.8,1
0,0,3,0,4091.24,1
0,0,4,2,4160.47,1
0,0,4,0,3175.91,2
0,1,5,0,4151.32,3
1,2,3,1,4197.74,1
0,0,5,1,2020,1
0,1,5,0,4223.13,3
0,2,3,4,2759.08,3
1,1,5,3,4225.14,3
0,0,4,0,523.49,2
0,4,3,2,682.35,3
0,2,3,2,2086.17,10
1,0,4,0,526.82,3
0,0,3,1,2008.18,1
1,0,4,0,530,3
0,1,1,0,530,3
1,1,5,3,5876.83,1
0,0,1,2,3055.69,3
1,3,1,0,4211.77,10
0,0,3,0,2082.52,3
0,0,1,2,2536.44,3
0,1,5,3,2116.05,10
0,0,5,0,2089.71,1
1,0,3,0,4183.01,3
0,0,3,1,4225.14,3
0,0,4,7,524.15,2
0,1,4,1,526.88,3
0,0,3,0,6296.61,1
0,0,4,4,1353.81,1
0,2,4,8,530,1
0,0,4,2,2869.49,8
0,1,3,2,9478.96,1
0,0,4,1,2020,1
1,3,5,2,1980.81,3
0,0,3,1,2094.15,3
0,0,3,0,2414.93,1
0,0,3,0,530,2
0,2,3,0,3156.35,1
0,0,5,2,2042.58,2
0,0,4,1,1912.18,10
1,1,3,2,520.22,2
0,2,4,2,4763.35,1
1,0,4,0,3633.61,2
0,1,4,1,516.64,10
0,0,4,1,2112.74,10
1,0,3,6,227.01,3
0,0,4,0,1472.41,1
0,2,3,0,2001.83,10
0,0,4,1,3184.31,1
0,0,3,0,445.88,1
0,2,5,1,2108.67,8
0,0,5,0,2118.59,1
0,0,1,0,2111.87,2
0,0,1,1,2104.23,8
0,0,5,0,2059.71,1
0,1,3,10,766.2,1
0,0,4,0,2087.01,10
0,0,4,0,2106.75,10
0,0,4,0,2100.1,2
0,1,1,0,1047.95,2
0,3,3,0,1054,1
0,1,5,0,2100.1,3
0,0,4,0,2057.08,2
0,0,2,3,1027.01,3
0,1,5,2,1718.38,10
0,0,4,1,2125,2
0,2,5,0,2104.83,8
0,0,4,0,530,1
0,0,5,0,2057.32,2
1,0,3,0,1491.7,10
0,3,4,1,4224.67,1
0,1,5,0,2002.22,3
0,0,4,1,2125,2
0,0,4,0,4216.64,3
0,2,5,0,2091.95,8
0,0,5,7,2020.89,3
0,2,5,0,2079.5,8
0,0,5,1,2026.1,1
0,2,4,0,2118.59,8
2,1,4,1,2006.74,1
1,1,5,1,1975.09,1
0,0,4,0,523.54,2
0,1,4,6,1022.67,10
0,2,4,1,2125,8
0,1,5,2,2022.3,3
0,2,4,0,2073.59,3
2,1,1,4,2041.51,3
0,0,1,1,1137.51,2
2,0,5,1,2088.73,2
1,0,5,1,2017.73,3
0,0,1,2,3138.87,3
1,1,5,1,4118.22,1
2,3,4,0,2065.67,10
2,2,1,0,2021.02,1
0,0,4,1,526.93,5
2,0,3,1,841.56,3
2,0,5,1,2045.39,2
0,0,4,1,2111.87,2
0,0,4,0,2081.59,1
2,3,4,0,2071.87,8
2,3,4,0,527.77,3
1,1,3,0,2003.52,2
0,2,5,0,2108.67,8
2,1,4,0,530,1
1,0,3,2,508.21,3
1,2,5,2,7325.73,10
0,1,5,2,2096.72,3
1,0,5,4,3692.45,1
0,1,5,1,1999.63,3
0,0,3,1,2103.58,1
0,0,4,0,1060,8
2,1,4,0,2125,2
0,1,5,3,2116.73,1
1,0,3,1,2602.86,1
2,0,5,1,1267.13,2
1,1,5,3,2961.61,1
2,1,4,0,2093.66,1
0,2,5,1,2048.32,8
2,1,5,0,2096.88,3
0,2,4,0,2073.59,3
2,0,5,0,2091.95,8
0,2,4,2,2125,8
1,0,3,2,1157.54,3
2,0,5,1,2099.75,1
0,0,4,1,2104.83,2
2,0,5,2,2104.83,2
2,2,1,0,2125,1
2,2,1,0,2118.59,1
0,3,5,4,5545.11,8
0,0,4,0,2054.17,10
2,1,4,0,2125,1
0,1,1,0,517.28,3
2,1,4,1,2000.79,1
2,0,5,1,2125,2
0,0,4,0,1700,2
2,0,5,0,2116.05,8
0,0,3,0,1969.69,3
1,0,4,0,2065.72,1
0,1,5,1,2114.17,3
0,0,1,4,3358.67,2
0,2,5,2,4088.03,8
2,1,4,1,2125,2
0,1,3,1,834.07,1
2,3,4,1,2125,8
2,2,1,0,2125,3
0,0,4,1,1988.37,1
2,1,4,0,2087.05,1
0,0,5,1,1989.59,1
0,0,1,0,2111.87,8
0,0,3,1,1968.3,1
2,1,5,1,2097.45,3
0,1,1,3,0,3
0,0,4,1,2054.35,2
2,0,1,0,524.96,2
0,1,5,2,1990.64,10
2,0,1,0,2125,8
0,0,5,0,1988.2,2
0,0,1,7,529.98,1
0,2,5,0,4053.59,1
1,0,3,0,1888.63,3
0,0,3,1,4250,8
2,0,5,1,2118.59,8
0,2,4,2,2060.38,1
2,1,4,1,1895.85,2
0,0,5,2,6911.54,1
1,1,4,8,558.21,3
2,0,5,1,2104.83,2
0,0,3,0,1189.51,2
2,2,1,0,2042.58,3
0,0,3,0,4189.92,2
2,1,4,0,2118.32,1
2,1,5,0,2125,3
0,0,3,0,9840.03,3
1,4,4,2,1812.69,3
2,1,4,1,2097.45,2
0,1,4,0,520.16,10
1,1,4,3,474.11,1
0,1,4,3,2637.53,1
2,0,1,0,2125,8
0,0,4,2,1574.99,3
0,0,1,0,523.21,2
2,1,4,1,2108.53,1
0,3,1,0,3091.85,1
2,1,4,1,2125,1
0,2,4,2,2125,8
2,1,4,0,2117.17,3
0,0,4,1,2103.26,1
2,0,5,0,1579.75,8
0,0,3,0,499.53,2
0,0,4,0,1354.2,2
0,1,1,2,2213.32,3
2,2,1,0,2063.53,1
2,1,5,2,1727.56,3
0,1,4,14,517.59,8
0,0,4,1,0,2
0,0,4,2,506.48,3
2,2,1,0,2071.74,1
0,2,4,0,2125,3
1,1,3,3,518.53,1
2,0,5,1,1044.15,8
1,1,5,1,6394.27,3
1,0,1,0,3611.19,1
1,0,4,2,530,3
2,1,4,0,2111.1,1
0,0,3,0,4220.12,3
0,1,4,0,530,3
2,0,5,2,2111.73,8
1,1,4,9,498.05,3
1,1,1,1,807.88,8
0,0,3,1,1556.22,2
2,3,4,1,526.69,3
2,1,5,1,2125,3
0,0,3,0,524.77,3
2,1,5,2,2074.42,3
2,1,4,0,2111.73,2
0,0,4,0,1585.15,3
0,0,5,0,2125,2
2,1,4,0,2118.52,1
2,0,5,0,2118.52,8
0,0,4,3,7114.68,3
2,1,4,1,2118.01,2
1,1,4,2,4528.78,3
2,1,4,0,2104.61,3
2,1,4,0,2103.9,1
2,1,4,1,2082.96,2
2,0,5,3,1999.64,8
1,4,3,5,7470.54,1
1,0,5,2,5803.91,1
2,2,1,2,1060,3
1,2,5,1,2089.33,8
0,0,1,0,2074.42,8
0,3,5,0,8415.31,8
2,0,5,0,2125,10
0,0,3,1,6677.13,1
2,0,5,1,2118.52,1
2,0,1,2,2111.73,8
2,0,5,0,1585.15,2
1,1,3,1,3907.29,1
0,0,4,1,1142.91,5
2,1,4,0,2125,2
2,1,4,1,204.61,1
0,3,4,1,3983.53,1
1,1,5,1,4303.93,3
2,1,1,0,2125,2
1,1,4,8,970.67,1
2,1,4,1,2096.43,1
0,0,1,0,740,2
2,2,1,1,2022.28,1
2,3,4,0,1585.15,8
2,1,4,0,2125,1
2,0,5,0,2097.15,1
0,0,3,5,5863.78,3
2,1,4,1,2125,2
0,0,4,0,2095.93,2
1,0,4,2,510.76,3
2,1,4,1,2125,3
2,1,4,1,2104.61,2
2,1,4,0,2118.52,1
0,1,4,3,3613.53,1
2,3,4,0,2104.61,8
0,0,3,0,4111.1,1
2,0,5,0,530,1
2,1,4,1,1815.29,1
2,0,5,2,616.62,8
1,1,3,3,3151.67,1
2,3,4,0,1904.18,8
2,1,4,1,2104.61,2
2,3,4,1,2111.73,8
2,3,4,0,2081.13,10
0,0,4,1,726.52,2
2,0,5,0,2125,1
2,0,5,0,2125,10
0,2,4,0,2112.06,8
2,1,4,1,2108.53,2
2,3,4,0,0,3
2,2,1,1,2072.54,1
2,0,5,0,2125,1
2,0,5,2,2125,1
2,1,4,0,2125,2
0,2,4,0,2111.73,8
2,1,4,2,2078.9,2
2,0,5,1,2054.1,10
2,1,4,0,2103.64,2
1,0,3,0,3240.42,1
2,0,5,1,2106.15,8
1,0,4,8,530,2
2,1,4,0,2125,1
0,0,4,2,526.51,2
0,0,3,2,2089.33,2
2,1,1,0,2072.54,2
1,0,4,4,513.32,3
2,0,5,0,2118.52,8
0,1,4,0,4194.2,10
0,1,1,1,1531.34,3
2,3,4,0,1060,5
2,0,5,2,2104.61,10
0,0,1,1,518.53,2
0,2,3,3,2513.29,10
2,2,1,0,2104.61,1
0,0,4,0,3107.26,3
1,4,4,12,522.45,1
2,1,5,0,530,2
0,1,1,1,522.23,3
0,0,4,1,3118.42,2
2,0,5,2,2125,8
2,1,5,1,2104.44,3
0,2,3,1,2614.73,10
0,0,4,0,2125,2
0,2,4,1,2111.73,8
2,1,4,0,523.05,1
1,2,2,4,526.19,2
2,1,4,1,2097.13,1
2,1,4,1,2125,2
0,0,3,0,530,3
2,0,5,0,2125,1
2,2,1,1,2089.33,3
2,0,5,0,2111.73,10
0,2,4,1,2118.52,3
1,0,3,0,6373.23,1
0,0,5,1,1585.15,1
2,3,4,0,1270.41,8
0,0,4,2,529.74,1
2,0,5,0,1964.43,10
2,0,1,1,2118.52,8
1,0,3,1,2094.73,1
0,0,3,0,1576.99,2
1,0,3,0,2110.06,1
1,1,3,3,506.11,1
2,0,1,1,2125,8
2,0,5,2,2072.54,10
1,3,1,0,9900.09,1
0,2,3,0,10317.3,1
2,1,1,1,2106.13,2
1,0,4,1,7899.83,8
2,0,5,3,2072.13,1
2,0,5,1,515.8,3
2,0,5,0,2125,2
0,2,3,1,3185,10
2,1,5,2,1999.64,3
2,1,1,1,2088.32,2
2,0,5,1,2111.73,8
2,0,5,2,2111.73,8
2,0,5,2,1672.05,10
0,1,5,1,2103.76,10
0,0,5,1,2104.61,1
2,0,5,0,2125,1
1,0,1,0,506.42,3
2,0,5,2,2118.52,8
2,3,4,0,517.39,3
2,2,4,3,2118.52,1
1,0,1,0,1981.55,3
0,2,4,0,2062.43,8
2,1,4,1,2125,2
2,0,5,0,2125,2
2,0,5,1,114.84,8
2,0,5,0,2063.54,1
2,1,4,0,2118.52,3
0,0,5,8,4178.08,3
2,0,5,2,2125,8
2,1,5,2,2041.19,3
2,1,4,0,529.38,2
2,1,5,1,2119.52,3
2,1,4,1,2098.15,1
2,1,4,0,2119.52,1
0,0,4,1,121.1,1
1,0,4,0,3734.98,3
0,0,3,1,2126,3
1,0,3,3,1794.37,2
0,0,4,1,2111,10
1,0,3,3,7322.83,3
2,0,5,3,2105.61,10
1,0,1,0,517.4,3
2,1,4,2,2126,1
2,0,5,3,2082.13,1
1,0,4,6,1349.92,3
2,0,5,1,1594,2
1,0,3,3,3473.65,10
2,1,5,0,2119.52,3
2,0,5,2,2126,1
0,0,4,1,1680.08,3
2,3,4,0,2126,10
2,1,5,1,531,2
1,0,3,0,1893.66,3
2,3,4,0,438.23,10
0,0,4,1,4218.65,3
0,1,1,1,525.04,3
2,3,4,0,2126,8
2,1,4,1,2105.61,1
0,0,5,0,531,1
1,0,3,1,1017.34,3
2,1,4,1,2126,1
0,0,5,1,1045.16,8
0,0,1,3,3231.75,3
2,1,4,1,2105.55,2
1,0,3,1,474.85,1
0,0,3,1,2905.48,8
2,0,1,0,1063,8
0,1,4,2,2443.92,3
0,1,1,0,1258.35,3
2,1,4,1,2126,2
1,0,3,1,6187.5,3
2,1,1,1,2118.49,2
0,0,5,3,4200.06,3
2,0,5,1,2126,2
0,0,5,1,2589.84,1
1,0,4,3,1159.66,1
2,0,5,1,2119.52,8
2,2,1,1,1271.11,1
2,0,5,0,2022.78,2
2,2,1,0,2126,1
1,0,3,1,510.77,2
0,1,4,3,1861.42,1
0,0,5,1,531,1
2,1,5,1,1554.65,3
1,1,3,0,3667.19,3
2,1,5,2,4132.49,2
0,2,4,1,2082.13,3
2,2,1,2,2089.61,1
0,0,5,0,2073.49,2
1,1,4,9,477.63,3
2,1,4,1,2105.61,1
2,1,4,0,2126,3
2,1,4,0,1275,2
2,3,4,0,2097.08,8
0,0,5,0,1271.05,8
2,2,1,0,2126,1
2,0,5,1,2126,1
2,1,5,1,2118.37,3
1,0,4,1,5474.11,1
2,0,1,0,1952.32,10
1,2,4,0,935.54,3
1,0,4,0,1274.54,1
2,3,4,0,2113.54,8
2,1,1,1,2013.49,2
1,0,4,1,1902.19,2
1,0,1,0,4153.29,3
2,1,4,1,2082.13,1
2,2,1,0,2111.77,3
2,0,5,2,2119.15,8
2,1,4,0,2126,1
1,0,1,0,1162,3
2,3,4,0,2111.98,8
1,1,4,3,636.91,2
0,0,3,1,618.24,2
0,2,3,6,3362.38,8
0,0,4,1,1582.48,8
0,1,4,0,482.32,10
1,0,1,2,517.33,2
1,0,1,3,377.2,10
2,0,5,1,4131.89,8
1,1,4,3,4120.42,1
2,1,4,1,2126,3
2,0,5,1,1994.69,1
2,0,1,1,2088.38,8
2,0,5,0,136.12,3
0,0,3,0,2550.77,3
0,1,4,0,1801.18,2
2,2,1,1,3111.25,1
0,2,4,1,2103.75,8
2,1,4,0,1921.87,1
1,0,3,1,321.88,1
0,0,5,2,4070.27,3
0,1,3,1,225.6,8
0,0,5,1,2119.02,2
0,0,3,2,511.6,2
1,3,4,1,3448.89,1
1,0,5,13,460.1,1
0,0,4,3,1067.03,1
0,0,5,2,1779.02,1
2,0,5,1,531,1
2,1,4,1,0.01,1
2,1,4,1,2113.12,2
2,3,4,1,2119.15,8
0,2,3,1,2126,10
2,1,4,1,2126,2
1,1,3,0,1554.75,1
2,0,5,4,531,1
2,0,1,3,3112.16,8
2,2,1,2,3886.39,1
0,0,1,0,523.69,2
2,1,4,1,2096.6,3
0,0,1,1,2627.17,2
2,0,5,0,1106.86,8
2,0,5,0,1063,1
1,0,4,1,6486.34,1
2,0,5,3,491.68,10
1,0,4,3,521.55,3
2,0,5,2,574.65,3
2,0,5,0,2070.76,2
1,1,5,10,838.13,3
0,0,3,5,611.63,1
2,1,4,1,525.62,2
1,0,3,1,2748.75,1
0,0,4,0,2241.22,1
0,0,4,1,7016.04,1
1,0,4,9,2791.93,1
0,2,3,3,3341.98,8
2,1,4,0,2079.77,2
0,1,1,0,629.89,3
2,1,4,1,2126,2
0,0,4,0,1571.1,3
0,0,3,1,483.48,3
2,0,5,0,2088.38,10
2,0,5,0,1871.4,2
1,0,3,1,618.32,2
0,0,3,0,2118.47,3
2,3,4,1,2119.15,8
0,0,5,0,7211.6,1
2,3,4,5,521.61,8
0,3,1,0,3945.33,1
1,0,4,0,301.23,2
2,1,4,0,1165.23,2
0,2,5,1,4197.86,8
0,0,5,0,2117.62,2
0,0,4,2,5830.63,1
0,0,3,0,3537.47,1
0,0,5,1,1896.92,1
0,2,4,2,2048.1,1
2,1,4,2,2104.47,2
2,1,4,1,531,2
0,0,5,0,2111.98,2
2,0,5,2,2061.33,8
2,0,5,2,2126,2
0,1,4,1,844.39,10
0,2,4,1,2126,8
2,1,4,0,2126,1
2,3,4,0,2126,8
2,1,5,1,3550.17,3
1,0,1,3,523.43,1
2,0,5,3,2104.47,8
2,1,5,1,531,2
1,1,1,2,457.68,3
0,0,3,0,3417.24,3
2,0,5,0,2111.98,10
2,3,4,1,3168.1,8
2,1,5,1,2118.59,3
1,2,3,3,4541.7,8
2,2,4,6,2126,2
0,0,4,0,2126,1
0,0,5,1,523.66,1
2,3,4,1,529.29,8
0,0,3,0,518,3
2,0,5,0,2126,8
2,1,5,0,531,2
2,0,5,0,1588.86,8
1,2,4,0,1729.2,3
0,0,4,1,2078.07,1
0,0,3,4,2615.04,2
0,2,4,13,1142.52,1
1,0,3,1,1141.18,3
2,1,4,1,2126,1
1,0,1,1,495.04,2
0,1,1,2,511.35,3
2,1,5,1,2126,3
2,1,1,5,1663.88,3
0,1,5,1,2111.1,3
0,0,1,3,5346.24,3
2,0,5,1,2051.45,1
1,2,3,2,2594,1
2,0,5,0,525.62,10
2,2,1,0,2126,1
0,0,3,3,2099.95,2
0,1,4,0,496.84,3
2,0,5,1,2119.15,2
1,0,1,1,6290.5,3
1,0,1,0,592.8,2
2,0,5,2,507.1,1
0,1,3,0,509.25,8
2,3,4,2,3951.59,8
2,3,4,1,2111.98,8
2,3,4,0,2104.47,10
2,1,5,3,3892.52,3
0,0,1,0,3994.56,10
2,1,5,2,2096.61,3
1,0,1,1,1581.41,10
0,0,4,2,4136.92,8
2,1,4,0,2111.98,3
1,0,3,1,2550.5,3
0,0,5,9,4171.75,3
0,1,1,0,2006.82,3
2,0,5,0,2096.61,10
2,0,5,2,531,1
0,0,1,10,4707.82,1
0,0,1,3,3673.73,3
2,1,3,1,2111.98,10
2,1,5,0,2126,3
2,3,4,0,2104.47,10
2,3,4,0,2126,10
2,2,1,0,1116.38,1
0,0,5,1,633.3,1
0,0,3,3,2119.15,1
1,0,3,4,5557.89,10
0,0,1,0,516.35,2
2,0,5,1,2070.76,1
2,1,4,2,2111.98,1
2,0,5,0,2018.96,8
1,1,4,8,6030.12,1
1,1,4,7,1442.54,3
2,1,4,0,2126,1
2,0,5,2,2061.26,8
0,1,1,0,503.96,1
2,1,5,1,531,2
2,1,4,1,2103.48,2
0,0,5,4,4207.17,3
0,0,5,1,812.36,3
0,1,5,0,2111.98,10
0,0,4,0,4080.94,8
2,0,5,0,2088.38,8
2,1,5,3,4171.98,2
2,0,5,0,2126,2
0,1,5,0,2748.86,1
2,0,5,1,506.39,1
2,3,4,1,531,3
0,0,5,2,6259.85,1
2,3,4,1,2078.37,8
0,0,3,0,4009.92,3
2,0,5,1,520.34,1
2,0,5,1,2110.3,2
0,1,5,0,504.27,10
2,0,5,0,525.62,1
0,0,4,1,7801.97,3
1,1,5,4,846.45,1
1,0,1,0,510.87,1
2,1,4,1,2096.61,1
2,0,5,1,2049.15,2
2,1,4,0,2118.3,3
1,0,4,1,3942.49,3
1,1,4,4,1955.6,1
1,0,1,0,2084.55,1
0,1,5,3,4226.79,2
0,0,5,1,1594,3
0,0,4,0,878.14,2
2,1,4,0,1594,1
0,0,3,2,3871.52,1
2,0,5,0,2088.38,8
2,1,4,0,2126,1
2,1,4,0,744,2
0,0,3,0,4150,1
0,0,4,1,6383.74,3
2,0,5,0,531,1
0,0,4,0,1676.59,10
1,0,3,1,2801.72,3
2,1,4,2,2108.88,2
2,3,4,0,2077.26,10
0,3,4,3,2088.38,8
0,1,5,2,2119.15,3
0,1,5,1,4199.39,3
2,1,4,2,2099.95,3
0,0,3,1,394,1
0,0,1,0,1063,2
0,0,3,0,4224.63,1
2,0,5,1,531,1
2,0,5,0,525.62,1
1,0,3,6,6190.85,1
2,1,4,0,2119.15,2
0,0,4,1,2126,1
0,1,5,0,2111.98,3
2,0,5,1,2104.47,2
2,1,5,1,504.02,2
2,0,5,4,2159.22,1
2,1,1,2,4207.53,2
2,1,4,0,2126,2
2,0,5,0,2079.65,2
2,1,5,3,4251.37,2
1,0,1,2,493.23,3
0,1,4,1,531,3
2,3,4,1,1063,8
1,1,4,0,4038.18,1
0,1,4,3,2619.39,1
2,0,5,0,2108.92,8
2,3,4,0,529.29,3
0,0,5,1,2111.98,2
2,3,4,1,1037.96,3
2,1,4,0,2126,2
2,1,4,0,1152.84,2
2,3,4,1,2077.95,8
2,1,4,0,2126,2
1,0,3,2,985.1,3
2,1,5,2,4020.36,1
2,1,4,0,2126,2
0,0,1,0,5976.02,1
0,2,3,1,2981.29,1
2,3,4,0,1559.33,10
2,1,4,0,2079.77,2
2,1,5,1,4253,2
2,2,4,3,2126,2
2,0,5,1,0,1
0,0,4,0,2111.17,1
2,1,4,1,2119.15,3
0,0,3,2,3520.46,1
2,3,4,0,2126,10
2,3,4,1,2126,10
0,0,5,0,4189.83,2
2,0,5,2,523.66,8
0,0,4,0,1243.49,1
2,3,4,3,2016,8
2,0,5,0,1063,2
2,1,5,4,3967.81,3
2,1,5,0,1968.72,3
2,1,5,0,63.38,2
0,0,5,0,2092.33,2
0,1,4,0,1594,1
2,1,5,1,2126,3
2,0,5,1,531,3
0,0,3,1,3319.96,3
2,3,4,1,531,8
0,4,4,2,4217.98,3
2,3,4,0,531,10
1,0,3,1,2031.98,3
2,3,4,2,4235.84,10
2,1,4,2,3965.63,1
0,1,5,0,4253,3
1,1,5,0,3872.49,3
1,2,3,1,3655.81,8
0,1,5,2,3389.13,3
1,0,1,3,1040.93,8
1,0,4,0,4196.25,10
1,1,4,0,4207.31,1
2,0,5,1,4199.39,8
2,1,4,0,518.15,1
2,3,4,0,531,8
2,1,4,0,531,1
2,1,4,0,513.62,2
2,1,4,0,511.19,2
0,1,4,1,531,8
2,0,5,2,524.19,8
0,0,1,0,524.39,2
2,0,5,1,531,8
2,3,4,0,531,8
0,0,3,7,689.7,1
1,1,5,1,515.22,1
0,1,4,0,531,8
2,1,4,0,526.02,2
2,0,5,1,523.79,10
2,0,5,2,510.86,8
0,0,4,1,3364.34,2
2,0,5,1,531,3
2,1,4,0,518.15,2
2,1,5,0,518.15,2
2,0,5,0,522.27,3
2,3,4,0,529.42,8
1,0,4,6,2270.33,1
1,3,3,0,513.9,3
2,0,5,0,531,8
2,0,5,3,4159.76,8
1,1,3,5,524.74,1
2,0,5,3,531,3
0,0,4,1,2089.8,1
0,3,1,0,1476.84,1
0,0,4,1,529.42,1
2,3,4,1,531,8
2,0,5,1,531,8
1,0,3,0,1008.45,1
2,3,4,1,205.08,8
0,0,5,2,3133.68,1
2,0,5,1,531,8
0,0,3,1,3873.32,3
2,1,4,2,531,2
0,0,4,4,1381.97,1
2,0,1,0,531,8
0,0,3,4,526.74,2
1,0,4,0,603.53,3
1,0,1,0,508.17,1
1,0,1,3,511.66,3
0,1,3,0,1046.9,8
2,0,5,1,2032.84,2
0,1,4,2,3167.1,10
2,1,5,3,4054.75,1
2,0,5,1,368.48,8
2,3,4,1,531,8
2,1,5,0,522.68,2
2,0,5,3,531,8
0,0,4,0,531,1
2,0,5,1,527.92,3
2,0,5,0,514.41,1
2,3,4,0,522.69,8
2,0,1,2,524.52,2
1,0,1,1,511.14,10
2,3,4,1,524.52,3
2,0,5,1,531,8
2,3,4,0,529.5,3
2,0,5,2,524.18,1
0,1,5,1,520.77,8
2,0,4,3,531,1
0,0,4,0,521.92,2
2,0,1,0,516.63,2
2,3,4,0,531,8
2,1,5,0,531,2
2,1,4,0,531,2
2,1,5,0,529.5,2
2,3,4,2,531,10
0,3,4,1,4162.14,1
2,0,1,0,531,2
0,0,5,1,474.52,3
2,0,1,0,531,2
2,1,4,2,126.26,2
0,1,4,1,276.01,3
1,4,4,11,844.14,1
2,3,4,0,529.5,3
2,1,5,1,1940.26,3
2,0,5,0,531,1
2,3,4,0,531,10
1,1,4,2,504.8,10
0,1,4,0,522.1,3
0,0,4,0,531,2
1,4,4,12,525,1
0,2,1,0,531,10
0,3,5,4,2956.45,1
0,0,3,1,4080.83,1
2,1,4,1,522.69,2
1,0,4,1,1299.7,1
1,0,1,1,248.88,1
0,3,1,1,1770.44,1
0,0,4,0,198.75,2
0,0,1,0,519.69,2
0,0,5,10,1001.41,1
1,1,5,1,1237,10
1,0,1,1,2726.62,1
1,0,1,4,521.94,3
0,0,3,0,1565.06,1
0,0,4,0,531,1
1,1,5,0,515.82,1
0,0,3,0,515.52,2
1,0,4,0,519.03,2
0,3,1,0,2658,1
0,1,3,3,531,1
1,0,1,0,4109.66,1
1,0,5,1,1795.15,1
1,0,5,0,10401.99,1
1,0,4,2,527.99,1
1,0,1,2,3154.65,1
1,1,5,1,484.44,1
0,2,1,0,71.1,1
0,0,4,5,1785.85,7
0,2,4,5,3157.07,1
0,2,2,9,504.5,4
1,0,2,2,1092.39,7
1,0,5,10,1155.32,2
0,0,3,6,7873.75,4
1,4,4,6,1550.84,1
0,0,3,5,9821.67,4
0,0,3,8,567.09,4
0,0,4,8,5914.47,3
0,2,4,11,5333.75,1
1,1,4,1,520.47,1
1,3,5,4,3500,3
0,0,5,3,1365.63,2
0,1,4,4,2007.69,1
1,1,4,6,5336.14,1
0,0,5,7,2455.53,1
1,0,4,5,1564.97,2
1,1,4,5,442.46,3
0,0,5,8,3324.3,1
0,0,4,5,3146.21,2
1,2,5,3,3696.05,9
0,0,4,6,4164.21,3
0,0,5,1,1832.01,4
1,1,3,26,3127.59,1
1,1,5,2,1485.38,7
1,1,4,6,1067.64,2
0,0,5,2,2890.33,1
0,1,4,1,442.2,3
1,2,3,2,1190.26,8
0,0,4,4,1116.18,1
1,1,5,4,892.08,8
0,1,4,3,7070.56,4
0,2,2,6,2988.06,3
0,1,3,2,599.75,8
1,2,5,13,2581.53,1
0,1,3,5,311.73,7
1,2,5,7,4203.15,7
0,0,4,8,0,2
1,2,2,5,292.36,1
0,1,3,12,2200,1
0,0,4,5,698.32,3
0,2,4,3,360.74,1
1,0,3,4,1135.84,2
0,0,4,2,4429.91,1
0,0,3,15,5550.11,1
0,2,4,2,2077.86,1
1,3,4,2,2000,1
1,1,3,4,4484.89,2
0,0,5,3,3270.79,1
0,0,3,5,4608.85,7
1,0,5,4,1965.28,8
1,0,4,1,4000,2
1,0,5,6,1786.34,8
1,0,4,5,3091.05,1
0,1,2,3,1044.47,1
0,0,4,5,5922.57,1
0,0,4,4,903.63,1
1,0,2,5,1164.99,2
0,0,2,5,9250.42,1
1,2,4,4,888.67,8
1,1,4,4,1615.17,3
0,0,4,9,764.49,2
0,0,4,5,3281.98,1
0,0,3,6,1715.96,2
1,0,4,2,925.24,1
0,1,2,2,370.05,6
1,3,4,8,2705.77,1
1,1,5,14,810.95,3
0,0,2,6,9057,4
0,0,3,2,1695.75,1
1,1,5,12,1518.76,4
0,0,5,4,2813.2,2
1,3,4,6,29.41,7
1,0,5,7,8320.35,2
1,0,4,14,735.75,2
0,0,4,2,1004.99,2
0,2,2,4,8437.14,4
0,0,5,9,960.03,2
0,0,2,2,1691.02,2
1,0,5,4,2441.46,4
1,1,5,5,1921.42,3
1,0,4,4,477.73,6
1,0,5,7,414.27,1
1,0,3,3,3404.38,1
1,1,4,3,2568.94,3
0,2,5,6,1047.05,1
1,1,3,6,1835.96,2
1,5,4,14,5922.95,4
0,0,3,2,1244.59,2
0,2,4,5,1713.16,7
1,0,4,5,2939.02,2
